,News Outlet,Text,Compound Score,Positive Score,Neutral Score,Negative Score
0,@BBCWorld,"RT @BBCNewsAsia: Who says that beauty only comes in one size? 

Plus-size actress and Taiwanese social media celeb Wang Chi wants to prove…",0.5859,0.147,0.853,0.0
1,@BBCWorld,RT @BBCNewsAsia: Are you one of the WeChat billion? https://t.co/QY7ZsOnWhH,0.0,0.0,1.0,0.0
2,@BBCWorld,"RT @BBCNewsAsia: North Korea's Kim Jong-un says he wants to ""write a new history of national reunification"" with South Korea, state media r…",0.0,0.0,1.0,0.0
3,@BBCWorld,WeChat hits one billion monthly users - are you one of them? https://t.co/Qlygr0ZZNN,0.0,0.0,1.0,0.0
4,@BBCWorld,Is India's Bangalore doomed to be the next Cape Town? https://t.co/wxgjNFHrBS,-0.6369,0.0,0.704,0.296
5,@BBCWorld,Fancy charging up your electric car in 10 minutes? https://t.co/XmZeMDu7FL,0.0,0.0,1.0,0.0
6,@BBCWorld,A different portrait of black fatherhood https://t.co/iSr4EFLDvn,0.0,0.0,1.0,0.0
7,@BBCWorld,Should China's Xi Jinping be president for life? https://t.co/xM5LrJdnig,0.0,0.0,1.0,0.0
8,@BBCWorld,N Korea's Kim 'to advance' closer ties with South https://t.co/g8D2rv9Nh0,0.0,0.0,1.0,0.0
9,@BBCWorld,Syria crisis: Aid convoy inside Eastern Ghouta https://t.co/h9KQ9lxDCa,-0.6249,0.0,0.631,0.369
10,@BBCWorld,'Maisie is the face of change' https://t.co/fS5gdgQGxQ,0.0,0.0,1.0,0.0
11,@BBCWorld,Oscars 2018: US TV audience smallest for awards ceremony https://t.co/UegYh8KClM,0.4588,0.25,0.75,0.0
12,@BBCWorld,NFL wowed by one-handed player Shaquem Griffin https://t.co/bkgiY8bo6K,0.5574,0.34,0.66,0.0
13,@BBCWorld,Russian spy incident: What we know https://t.co/usdtsWH7Hu,0.0,0.0,1.0,0.0
14,@BBCWorld,Trump-Russia: Ex-aide refuses to co-operate with Mueller probe https://t.co/h9McKQN4tg,0.0,0.0,1.0,0.0
15,@BBCWorld,Tree 'planted by George Washington' toppled in winter storm https://t.co/O6NhrWHzWM,0.0,0.0,1.0,0.0
16,@BBCWorld,Oscars 2018: Highlights from the ceremony https://t.co/sTD98TyVvi,0.0,0.0,1.0,0.0
17,@BBCWorld,Germany's gender-neutral anthem alternative met with resistance https://t.co/BhdKDBZk0Y,0.0,0.0,1.0,0.0
18,@BBCWorld,Emails show UAE-linked effort against Tillerson https://t.co/NadvcjIbUq,0.0,0.0,1.0,0.0
19,@BBCWorld,Oscars 2018: Man arrested for theft of France's McDormand's Oscar https://t.co/xRsRwaWoCC,-0.4767,0.0,0.763,0.237
20,@BBCWorld,'Fair' Nafta could ease tariffs for Canada and Mexico - Trump https://t.co/2mLaAhaLnr,0.3612,0.2,0.8,0.0
21,@BBCWorld,Polish mountaineers end attempt to climb K2 in winter https://t.co/Mf0Fq0S7qx,0.0,0.0,1.0,0.0
22,@BBCWorld,"Rival populist leaders fight for right to govern Italy, after general election failed to give majority to any single party https://t.co/rVndNhuPNR",-0.4939,0.102,0.677,0.222
23,@BBCWorld,Oscars 2018: Four things to take away from this year's awards https://t.co/zrAqXIJCpk,0.4588,0.214,0.786,0.0
24,@BBCWorld,What challenges face Sierra Leone's next president? https://t.co/RM06wepOtk,0.0772,0.157,0.843,0.0
25,@BBCWorld,Singer Joss Stone sends musical instruments to refugee camps https://t.co/ghI3VGR8k3,0.0,0.0,1.0,0.0
26,@BBCWorld,Students in Portsmouth 'first to take Hinglish course' https://t.co/1y2saMlHdG,0.0,0.0,1.0,0.0
27,@BBCWorld,Davide Astori death: Prosecutors open investigation https://t.co/lUPL7dogDS,-0.5994,0.0,0.606,0.394
28,@BBCWorld,Is this a 'luxury prison'? https://t.co/cj3ewqyiXo,0.0,0.0,1.0,0.0
29,@BBCWorld,What does Italy's election result mean? https://t.co/WL4b8T3c3v,0.0,0.0,1.0,0.0
30,@BBCWorld,Iceland police arrest suspected Bitcoin server thieves https://t.co/VXVDybVRnu,-0.765,0.0,0.397,0.603
31,@BBCWorld,"Meet Wang Chi, a plus-size actress in Taiwan. She's determined to prove you can be beautiful at any size https://t.co/7pnyfWzRcn",0.743,0.27,0.73,0.0
32,@BBCWorld,Syria war: Aid convoy heads to Eastern Ghouta https://t.co/19VskSLq20,-0.5994,0.0,0.672,0.328
33,@BBCWorld,Oscars 2018: Latin America shines as del Toro wins big https://t.co/rNXcOsFQDj,0.5719,0.27,0.73,0.0
34,@BBCWorld,Listeria outbreak: South Africa bins polony and other meats https://t.co/SGPSqLiOw8,0.0,0.0,1.0,0.0
35,@BBCWorld,RT @BBCSteveR: It’s 65 years since the death of Joseph Stalin. One Russian paper says “the butcher” would be smiling if he could see how po…,-0.2263,0.097,0.777,0.126
36,@BBCWorld,Germany coalition deal: Merkel promises action on jobs and EU https://t.co/TcsM2g6Emj,0.3818,0.206,0.794,0.0
37,@BBCWorld,Oscars 2018: who or what is an inclusion rider? https://t.co/X6yeKs9cBs,0.0,0.0,1.0,0.0
38,@BBCWorld,"RT @BowenBBC: Relief convoy is in Eastern Ghouta, shd be in there 12 hours. Since they went in airstrikes have resumed, and artillery fire…",0.4767,0.119,0.881,0.0
39,@BBCWorld,Trump trade row: EU considers tax on Levi jean imports https://t.co/z3zDKfMZJZ,0.0,0.0,1.0,0.0
40,@BBCWorld,Big Cheese festival apologises for running out of cheese https://t.co/rriVVmga4V,0.6124,0.385,0.615,0.0
41,@BBCWorld,Tree loss pushing beetles to the brink https://t.co/lp2eypdq3z,-0.3182,0.0,0.753,0.247
42,@BBCWorld,Oscars 2018: The awards they didn't give https://t.co/aCAdZneXjZ,0.4588,0.3,0.7,0.0
43,@BBCWorld,Oscars 2018: Why is everyone talking about this outfit? https://t.co/WRk14BAtkC,0.0,0.0,1.0,0.0
44,@BBCWorld,RT @BBCBreaking: A convoy with aid for thousands of trapped Syrians enters rebel enclave of Eastern Ghouta for first time in weeks https://…,-0.6124,0.0,0.8,0.2
45,@BBCWorld,RT @BBCBreaking: North Korean leader Kim Jong-un meets officials from the South in Pyongyang for the first time https://t.co/VGzifDW5Ao,0.0,0.0,1.0,0.0
46,@BBCWorld,Syria war: Aid set to enter Eastern Ghouta despite airstrikes https://t.co/fmruAJklmP,-0.5994,0.0,0.719,0.281
47,@BBCWorld,"RT @BowenBBC: Trucks lined up for first humanitarian convoy into Eastern Ghouta since 14 Feb, and not many before that too. First slight ea…",0.0,0.0,1.0,0.0
48,@BBCWorld,'Davide Astori's death leaves Fiorentina and Italy in state of shock' https://t.co/m2RWz3UncD,-0.7579,0.0,0.606,0.394
49,@BBCWorld,Cardinal Pell returns to court to fight sexual offence charges https://t.co/3l529QdxcT,-0.7096,0.0,0.537,0.463
50,@BBCWorld,Oscars 2018: Host Jimmy Kimmel takes aim at Harvey Weinstein https://t.co/YzVb6VSf3f,0.0,0.0,1.0,0.0
51,@BBCWorld,Watch highlights from the Oscars red carpet https://t.co/u6SRWyE37G,0.0,0.0,1.0,0.0
52,@BBCWorld,Oscars 2018: The Shape of Water and Frances McDormand rule https://t.co/ulBtEfsT5r,0.0,0.0,1.0,0.0
53,@BBCWorld,RT @BBCNewsEnts: Did you notice how sparkly the #Oscars set was? It was embellished with 45 million crystals and took over 3000 hours to bu…,0.0,0.0,1.0,0.0
54,@BBCWorld,"RT @BBCNewsEnts: And that someone is Mark Bridges, who won best costume design for Phantom Thread (and this delightful green jetski).. he h…",0.9246,0.383,0.617,0.0
55,@BBCWorld,"RT @BBCBreaking: #Oscars 

The Shape of Water wins Best Picture  

Our #Oscars2018 coverage: https://t.co/dlCCu0XrFs 

And full winners lis…",0.9001,0.423,0.577,0.0
56,@BBCWorld,RT @BBCNewsEnts: 'All the female honourees stand with me - all the women. Look around because we all have stories to tell and projects we n…,0.0,0.0,1.0,0.0
57,@BBCWorld,China NPC: Government sets trillion yuan military budget https://t.co/ZSNSJr3hdc,0.0,0.0,1.0,0.0
58,@BBCWorld,"@BBCBreaking #Oscars 

Gary Oldman just won Best Actor. But here were the other great nominees: 

-Daniel Kaluuya
-Timothee Chalamet
-Denzel Washington
-Daniel Day-Lewis https://t.co/mgwmOBYeou

Live #Oscars2018 coverage continues. Best Picture is upon us https://t.co/lMAbMHWgZd",0.9531,0.351,0.649,0.0
59,@BBCWorld,South Koreans head to North to broker possible US talks https://t.co/6iRTuQjNYT,0.0,0.0,1.0,0.0
60,@BBCWorld,"RT @BBCJamesCook: Accepting the Academy Award for Best Actor, Gary Oldman thanks his 98-year-old mother. ""Put the kettle on, I'm bringing O…",0.9217,0.423,0.577,0.0
61,@BBCWorld,"RT @BBCBreaking: #Oscars 

Gary Oldman wins Best Actor for Darkest Hour

Live #Oscars2018 coverage: https://t.co/dlCCu0XrFs

#Oscars90 winn…",0.6908,0.315,0.558,0.127
62,@BBCWorld,US woos old enemy as China waits in wings https://t.co/dxnwC6PNyB,-0.5423,0.0,0.72,0.28
63,@BBCWorld,"RT @BBCBreaking: #Oscars 

Guillermo Del Toro wins Best Director for The Shape of Water

Live #Oscars2018 coverage: https://t.co/dlCCu0XrFs…",0.836,0.331,0.669,0.0
64,@BBCWorld,"RT @BBCNorthAmerica: Guess what? 

Remember Me just won Best original song at the #Oscars https://t.co/0tAKybKbQO

Viva Mexico. ??? #Coco…",0.8807,0.389,0.611,0.0
65,@BBCWorld,RT @SallyBundockBBC: Join us for #BBCTheBriefing at 05:00 GMT. We're live at the #Oscars plus #Italianelections2018 and in #BusinessBriefin…,0.296,0.109,0.891,0.0
66,@BBCWorld,"#Oscars 

Winner of Best original screenplay:

Get Out Get Out Get Out Get Out Get Out Get Out Get Out Get Out Get Out Get Out Get Out Get Out Get Out Get Out Get Out Get Out Get Out

Live coverage: https://t.co/lMAbMHEFAD 

#Oscars2018 winners list: https://t.co/mgwmOCfPg2 https://t.co/qwhMvs4Hlo",0.9246,0.233,0.767,0.0
67,@BBCWorld,"RT @BBCNewsEnts: James Ivory wins Best Adapted Screenplay for Call Me By Your Name, meaning that Timothee Chalamet shirt makes an appearanc…",0.836,0.283,0.717,0.0
68,@BBCWorld,RT @BBCNewsEnts: An incredible moment for @JordanPeele - Get Out wins best original screenplay at the #Oscars https://t.co/svAuWz7kNn,0.8807,0.421,0.579,0.0
69,@BBCWorld,"RT @BBCNewsEnts: This outfit has been the talk of this year's #Oscars red carpet, find out why here ? https://t.co/9KlRvzPkHW",0.0,0.0,1.0,0.0
70,@BBCWorld,"@BBCBreaking Hands down the best #Oscars speech in history. 

Give Allison Janney a jet ski! 

Live coverage: https://t.co/lMAbMHWgZd 

#Oscars2018 winners list: https://t.co/mgwmOBYeou https://t.co/5PswsRXVPx",0.8221,0.275,0.725,0.0
71,@BBCWorld,"#Oscars 

Here are the more recent wins 

-Best film editing: Dunkirk
-Best visual effects: Blade Runner 2049
-Best animated feature: Coco 

The full #Oscars2018 winners list https://t.co/mgwmOBYeou 

Live: https://t.co/lMAbMHWgZd",0.9701,0.46,0.54,0.0
72,@BBCWorld,RT @BBCNewsEnts: Want to know what's going on at the #Oscars? Here's the latest ? https://t.co/lxwirKGIXV,0.0772,0.085,0.915,0.0
73,@BBCWorld,"And... 

COCO JUST WON BEST ANIMATED FEATURE! #Oscars 

""Our biggest thanks of all to the people of Mexico."" 

*violent sobs* 

Live #Oscars2018 coverage: https://t.co/lMAbMHWgZd

Full winners list: https://t.co/mgwmOBYeou https://t.co/qSbqGMl3Fm",0.949,0.385,0.615,0.0
74,@BBCWorld,"RT @BBCNorthAmerica: #Oscars2018
#Oscars90 

Were celebrities avoiding Ryan Seacrest at the #Oscars? 

Live: https://t.co/0tAKybKbQO

Winne…",-0.34,0.0,0.854,0.146
75,@BBCWorld,"RT @BBCBreaking: #Oscars 

Allison Janney wins Best Supporting Actress for I, Tonya

Live coverage: https://t.co/dlCCu0XrFs 

#Oscars2018 w…",0.8957,0.435,0.565,0.0
76,@BBCWorld,"Remember me
Though I have to say goodbye
Remember me
Don't let it make you cry
For ever if I'm far away
I hold you in my heart
I sing a secret song to you
Each night we are apart 

We're not crying, you are. 

Live #Oscars coverage https://t.co/lMAbMHWgZd https://t.co/b0BMknK0kj",-0.1396,0.051,0.886,0.062
77,@BBCWorld,US aircraft carrier Carl Vinson in historic Vietnam visit https://t.co/jbXTXKiWVu,0.0,0.0,1.0,0.0
78,@BBCWorld,"#Oscars 

And... Dunkirk just won two sound awards for the evening. The first of many to come? 

Live #Oscars2018 coverage https://t.co/lMAbMHWgZd

Full #Oscars90 winners list https://t.co/mgwmOBYeou https://t.co/LwKa62F4fT",0.8689,0.29,0.71,0.0
79,@BBCWorld,Shepherd Bushiri: Meeting the man who ‘walks on air’ https://t.co/VzHKXCQPBU,0.0,0.0,1.0,0.0
80,@BBCWorld,Patrik Hermansson: 'I went undercover in the alt-right' https://t.co/CTbcFjkFhG,0.0,0.0,1.0,0.0
81,@BBCWorld,The day Putin cried https://t.co/ZJwsLi2tIl,-0.3818,0.0,0.606,0.394
82,@BBCWorld,The killer disease with no vaccine https://t.co/1dclKSLSEf,-0.7579,0.0,0.435,0.565
83,@BBCWorld,Notre-Dame: Cracks in the cathedral https://t.co/mrzZEpv7np,0.0,0.0,1.0,0.0
84,@BBCWorld,Big in Asia: The woman showing plus-size can be beautiful https://t.co/9BrAtsfelU,0.5994,0.281,0.719,0.0
85,@BBCWorld,"@BBCBreaking #Oscars 
#Oscars90 
#Oscars2018 

Sam Rockwell just won Best Supporting Actor

The other nominees were:

- Willem Dafoe
- Woody Harrelson
- Richard Jenkins
- Christopher Plummer https://t.co/mgwmOBYeou

Live: https://t.co/lMAbMHWgZd",0.8957,0.32,0.68,0.0
86,@BBCWorld,"#Oscars 

Host @jimmykimmel just made a plea to stamp out bad behavior in Hollywood https://t.co/lMAbMHWgZd

#Oscars90 winners: https://t.co/mgwmOBYeou 

#Oscars2018 https://t.co/pBImXeUMB9",-0.1027,0.131,0.72,0.148
87,@BBCWorld,"RT @BBCBreaking: #Oscars 

Sam Rockwell wins Best Supporting Actor for Three Billboards Outside Ebbing, Missouri

Live coverage: https://t.…",0.8957,0.419,0.581,0.0
88,@BBCWorld,"Daniel Kaluuya, ladies and gents. 

That is all. 

#Oscars 
#Oscars2018 
#Oscars90 

Live: https://t.co/lMAbMHWgZd https://t.co/bfhYEeR7mS",0.0,0.0,1.0,0.0
89,@BBCWorld,"Even NASA is getting in on the #Oscars excitement. 

#Oscars90
#Oscars2018 

All our live coverage from Hollywood's biggest night https://t.co/lMAbMHWgZd https://t.co/BHIwB9PLI1",0.4939,0.138,0.862,0.0
90,@BBCWorld,RT @BBCClick: Good luck to all those nominated in the best visual effects category at tonight's #Oscars. See our interviews with the vfx te…,0.8779,0.325,0.675,0.0
91,@BBCWorld,"@BBCNewsEnts And here's what to expect from this year's #Oscars ceremony https://t.co/KVN0i66eBS

Live #Oscars90 coverage https://t.co/lMAbMHWgZd

#Oscars2018",0.0,0.0,1.0,0.0
92,@BBCWorld,"#Oscars

Hollywood's biggest night is finally here - Follow our live coverage on @BBCNewsEnts https://t.co/lMAbMHWgZd

#Oscars2018
#Oscars90",0.0,0.0,1.0,0.0
93,@BBCWorld,"RT @BBCBreaking: Italian exit polls point to hung parliament, with Five-Star movement and right-wing coalition leading field. https://t.co/…",0.0,0.0,1.0,0.0
94,@BBCWorld,China enforces 'holidays' onto dissidents of the state https://t.co/qYa4lsWsO6,0.0,0.0,1.0,0.0
95,@BBCWorld,IS video 'shows deaths of US soldiers in Niger ambush' https://t.co/ejffGEPY8J,0.0,0.0,1.0,0.0
96,@BBCWorld,Catalonia Spain: Pro-unity marchers parody secessionists https://t.co/GFaU2JEWvC,0.0,0.0,1.0,0.0
97,@BBCWorld,Jailed school shooter praises Florida student activists https://t.co/P1QSGZ5XPQ,0.0516,0.27,0.476,0.254
98,@BBCWorld,Slovakia's leaders clash over journalist's killing https://t.co/FijMH4W7vg,-0.6597,0.0,0.577,0.423
99,@BBCWorld,RT @BBCSteveR: Russia's presidential election looks like a show staged by the Kremlin. I've raided the toy box to explain why. https://t.co…,0.3612,0.111,0.889,0.0
0,@CBSNews,"""I'm not going to go to jail,"" former Trump campaign aide Sam Nunberg repeatedly insisted in a series of cable news interviews on Monday, after stating that he will not comply with a subpoena order issued by special counsel Robert Mueller https://t.co/DdzRhMmg31 https://t.co/IiIDEUke1t",0.4019,0.063,0.937,0.0
1,@CBSNews,"Teens who use e-cigarettes are exposed to significant levels of chemicals that could potentially cause cancer, a new study finds. https://t.co/Lqejd2bzPH https://t.co/z8ZECoyaGV",-0.5994,0.071,0.706,0.224
2,@CBSNews,Can a one-handed linebacker make it in the NFL? Shaquem Griffin made his case that he can with an electrifying performance before scouts and coaches at the NFL Scouting Combine. https://t.co/8QUdvZUa2l https://t.co/VKBNA2bdy5,0.0,0.0,1.0,0.0
3,@CBSNews,Federal Trade Commission says younger Americans -- those in their 20s and early 30s -- are more vulnerable than older people to scammers. https://t.co/0P6XDFPgnZ https://t.co/utG9HNs1cv,-0.2944,0.0,0.916,0.084
4,@CBSNews,"Even as the cleanup from last weekend's nor'easter is underway, another storm is headed to the East Coast Wednesday, bringing up to 12 inches of snow in some parts. https://t.co/SdLVDBaRfD https://t.co/mIc2CHYyJH",0.0,0.0,1.0,0.0
5,@CBSNews,House speaker Paul Ryan thinks the president's decision to hit countries with tariffs on imported aluminum and steel could backfire and hurt American businesses. https://t.co/1ppUQCWEgt https://t.co/WIcQNrnhbX,-0.5267,0.0,0.88,0.12
6,@CBSNews,"""This is mine!"": Man accused of stealing the best actress winner Frances McDormand's Academy Award posted a video of himself with the statue on social media. https://t.co/P8oAAnGfHT https://t.co/1IMsNB1rU2",0.784,0.297,0.554,0.149
7,@CBSNews,"Passengers onboard United Express Flight 5449 restrained a Boise, Idaho, woman who was ranting about being God and tried to open the aircraft cabin door while the plane was in flight. https://t.co/LJXflL046O https://t.co/7Z8if49IUu",0.5994,0.14,0.86,0.0
8,@CBSNews,"It was a big night for ""Three Billboards"" actress Frances McDormand. She won her second Academy Award only to have it stolen hours later. @jamieyuccas reports on the man who allegedly took it. https://t.co/XM9GdNMo5R https://t.co/flXy5HxuFn",0.6124,0.174,0.749,0.077
9,@CBSNews,"Older people are often warned they could be the targets of con artists, but a surprising new report from the Federal Trade Commission says younger folks, those in their 20s, are even more vulnerable. @annawerner explains. https://t.co/qn3o3yebLx",-0.1753,0.066,0.825,0.109
10,@CBSNews,"Throughout Syria's seven-year war, the city of Afrin was untouched, but not anymore. @sethdoane reports from Afrin as doctors there struggle to cope with flood of airstrike victims. https://t.co/94NivKDw9U https://t.co/ON2dpQeRS9",-0.81,0.0,0.764,0.236
11,@CBSNews,"A former spy accused of being a traitor to Russia is fighting for his life in Britain, possibly after being poisoned. @elizapalmer has more. https://t.co/DTOaP4yOHX https://t.co/t2E1zCeLHn",-0.7845,0.0,0.727,0.273
12,@CBSNews,"A new winter storm is bringing snow and freezing rain to the Dakotas and Minnesota tonight, and that system is headed toward the Northeast with plenty of snow expected by Wednesday. @WBZ's @ericfisher has the forecast. https://t.co/QQ1VpgngYF https://t.co/HKPHYrpjFj",-0.1027,0.0,0.963,0.037
13,@CBSNews,A passenger tried to open the door of a plane in flight today. @krisvancleave reports on the mid-air scare. https://t.co/Oxwhx2PuIw,-0.4939,0.0,0.842,0.158
14,@CBSNews,The president stood by his plan to put tariffs on imported steel and aluminum as he faces criticism from the highest levels of his own party. @MajorCBS reports from the White House. https://t.co/W1ingXmVBU https://t.co/tSASz3adZC,-0.0516,0.072,0.851,0.077
15,@CBSNews,"Former Trump campaign aide Sam Nunberg said he will not comply with the special counsel's Russia investigation and dared Robert Mueller to have him arrested. @PaulaReidCBS has more. 
https://t.co/pjUr2pLnVA https://t.co/SYLmDQmxQ1",-0.1027,0.08,0.828,0.092
16,@CBSNews,"Hundreds of protesters take to streets of East Lansing, Michigan, to protest a speech by white nationalist Richard Spencer https://t.co/iz634KfvBJ https://t.co/S2eTNwXbgO",-0.4404,0.0,0.822,0.178
17,@CBSNews,"Senator Thad Cochran, chairman of the appropriations committee, will resign on April 1. The longtime Republican Mississippi senator cites ""health"" concerns as reason for his departure. https://t.co/QUVXLdEyqW https://t.co/MewWreQdNB",-0.34,0.0,0.918,0.082
18,@CBSNews,"""No kid should have to say to their mother –– 'Mommy, am I going to die today if I go to school?'"" Florida shooting victim Alyssa Alhadeff's mother calls for more school safety, nearly three weeks after Parkland massacre. https://t.co/juiktgUNeI https://t.co/bRJFAd2OaN",-0.6275,0.067,0.756,0.177
19,@CBSNews,"""Our daughter was our life. Part of us died that day."" The father of Parkland, Florida, shooting victim Alyssa Alhadeff spoke out as families call on lawmakers to pass gun regulations. https://t.co/juiktgUNeI https://t.co/hSJEkWZnzJ",-0.7964,0.0,0.787,0.213
20,@CBSNews,Three daycare workers who allegedly gave gummy bears that were laced with melatonin to a group of 2-year-old children have been arrested. https://t.co/CpokFyTeHa https://t.co/inqFi4UQLu,-0.4767,0.0,0.876,0.124
21,@CBSNews,Rapper admits having weapon before Little Rock club shooting that injured 25 https://t.co/0u5Agm6wvC https://t.co/rFfNb0QW27,-0.4019,0.122,0.608,0.271
22,@CBSNews,"Former Trump campaign adviser Sam Nunberg refusing to comply with subpoena order issued by special counsel as part of grand jury's probe into Russian interference, Nunberg tells Washington Post https://t.co/OVLfqPIsti https://t.co/XMCizVsYrT",0.4588,0.157,0.769,0.074
23,@CBSNews,".@MajorCBS on tariffs: ""Speaker Ryan fears a trade war that could undermine the economic progress that he said was achieved by tax cuts &amp; tax reform. This WH doesn't fear that, even though there are studies indicating that could create a net loss of jobs if there is a trade war."" https://t.co/xQXOY30nkc",-0.707,0.122,0.662,0.216
24,@CBSNews,"Reporter: Sam Nunberg, on MSNBC said, ""[the president] may have done something during the election but I don't know that for sure.""
@PressSec: He definitely doesn't know that for sure because he is incorrect. https://t.co/JVcXqz7cqj https://t.co/U1jnQVztxX",0.7579,0.165,0.835,0.0
25,@CBSNews,".@PressSec: ""We have a great relationship with Speaker Ryan. We're going to continue to have one, but that doesn't mean we have to agree on everything."" https://t.co/JVcXqz7cqj https://t.co/kIrjLegl8p",0.7003,0.188,0.812,0.0
26,@CBSNews,"""[VA] Secretary Shulkin has repaid several thousand dollars toward some of the travel costs of the trip that was in question,"" @PressSec says https://t.co/JVcXqz7cqj https://t.co/YCfUUMIGHg",0.0,0.0,1.0,0.0
27,@CBSNews,WATCH LIVE: @PressSec Sarah Huckabee Sanders holds White House briefing https://t.co/JVcXqz7cqj https://t.co/3SDNAuwYhl,0.0,0.0,1.0,0.0
28,@CBSNews,"The 2018 Oscars are projected to have its lowest ratings ever in history, but it's not the only show on TV declining in viewers. https://t.co/SOuazEbkul",-0.2023,0.0,0.93,0.07
29,@CBSNews,"""The Federal Bureau of Investigation [FBI], the Broward Sheriff's office and the legislators all failed me and my son and all of these 16 families,"" Max Schachter says
https://t.co/QY08n1aeYQ https://t.co/1812WH1klb",-0.5106,0.0,0.898,0.102
30,@CBSNews,"""There were 17 families who had a tragic loss. We all grieve in our own way but I can tell you we are standing here today and we are unified and together. We want to see common sense reforms in front of the legislature now passed,"" Fred Guttenberg says https://t.co/QY08n1aeYQ https://t.co/MvMAKFlQgO",0.1027,0.089,0.81,0.1
31,@CBSNews,"""We are fighting for all the kids in America, not just Parkland. We are fighting for everyone. No kid should have to say to their mother, 'Mommy, am I going to die today if I go to school?' Think about it!"" mother who lost her daughter in Parkland shooting says https://t.co/BoelW8by10",-0.9134,0.0,0.763,0.237
32,@CBSNews,"""Part of us died that day. My daughter was shot in the heart, in the spine and in the femur and the femoral artery. If she lived she would've been paralyzed for life... No parent should have to deal with this again,"" father who lost his daughter in Parkland shooting says https://t.co/VqVYWu5FKM",-0.7964,0.0,0.858,0.142
33,@CBSNews,"""We believe Gov. Scott's proposals demonstrate good movement toward the goal of preventing future acts of school violence and we call for passage of legislation and funding that achieves these three initiatives during this legislative session,"" father says https://t.co/QY08n1aeYQ https://t.co/Z4EheaAv3U",-0.3182,0.064,0.82,0.115
34,@CBSNews,"""Our state leaders must enhance the safety and security of our schools.... Two, our state leaders must keep guns away from those that pose a risk to themselves or others...Three, our state leaders must improve access to mental health care resources for at risk youth,"" parent says https://t.co/y92N3Aa6zZ",0.7964,0.2,0.726,0.074
35,@CBSNews,WATCH: Family members of Florida school shooting victims speak about new gun legislation https://t.co/QY08n1aeYQ https://t.co/UZAFq32i1H,-0.5719,0.0,0.734,0.266
36,@CBSNews,"More women are rising to leadership roles at Fortune 500 companies, according to reports. Bank of America's vice chairman shares how gender equality is flourishing in the financial industry. For more, download the Global GoalsCast Podcast: https://t.co/QkRyEMVzy0 https://t.co/4SGbUIW2eK",0.296,0.056,0.944,0.0
37,@CBSNews,"Russian convicted of spying for U.K. falls ill after exposure to substance, BBC reports https://t.co/Af9weOaDO4 https://t.co/0z3blD4gBl",-0.4215,0.0,0.843,0.157
38,@CBSNews,"Pennsylvania attorney general sues Uber, saying it broke state law when it failed to notify thousands of drivers for a year that hackers stole their personal information https://t.co/AiUOdjowqI https://t.co/5Ug7aCYoc6",-0.7479,0.0,0.803,0.197
39,@CBSNews,"""This is a $4,000 dress. I'm going to wear this dress multiple times,"" Tiffany Haddish joked on Saturday Night Live in November. She made good on that promised at the Oscars, and she wasn't the only actress who wore the same dress twice. https://t.co/sgDku2DeEV",0.7717,0.161,0.839,0.0
40,@CBSNews,"""I looked back down the hall and no one was around -- no one."" Teacher denies accusations of locking students out during Florida massacre https://t.co/1jvvljoCt4 https://t.co/TbLD923I0b",-0.8176,0.0,0.698,0.302
41,@CBSNews,Disturbing photo released in effort to ID possible victim in Toronto serial killing case https://t.co/U6oCrSSiBH https://t.co/KXc8xedRxj,-0.8689,0.0,0.57,0.43
42,@CBSNews,"“We have a very bad deal with Mexico and Canada, it is called NAFTA. Our factories have left our country, Jobs have left our country for many years. NAFTA has been a disaster. We are renegotiating NAFTA...and if we don't make a deal, I will terminate NAFTA,” @POTUS says https://t.co/2hTt6rjt4L",-0.8357,0.0,0.848,0.152
43,@CBSNews,"President Trump answers reporters' questions on new Embassy in Jerusalem, saying he may visit Israel again https://t.co/rqvozDTAGW https://t.co/aSCzpAhlTb",0.0,0.0,1.0,0.0
44,@CBSNews,"“If I had to say what is greatest challenge in the Middle East to both of our countries, and our Arab neighbors, it is encapsulated in one word: Iran,” PM Netanyahu says 
https://t.co/rqvozDTAGW https://t.co/KUKraqedTq",0.6705,0.151,0.849,0.0
45,@CBSNews,"RECALL ALERT: Nearly 40,000 high chairs sold at Walmart recalled after five kids hurt https://t.co/dNkvpM3sp1 https://t.co/vGN69rsTAc",-0.1197,0.144,0.689,0.167
46,@CBSNews,"“Jerusalem was a wonderful thing...Many presidents were discussing whether or not to make that decision, they promised it in the campaigns, but they were never able to do what they should have done. So I was able to it,” @POTUS says of recognizing Jerusalem as Israel’s capital https://t.co/JS27qg1rOO",0.4767,0.085,0.915,0.0
47,@CBSNews,MOMENTS AGO: President Trump meets with Israeli Prime Minister Netanyahu in the Oval Office https://t.co/rqvozDTAGW https://t.co/ZWd8qPH5qf,0.0,0.0,1.0,0.0
48,@CBSNews,Amazon's next product may be a checking account https://t.co/9y3hrPbkxe https://t.co/rDnoEIGPS5,0.0,0.0,1.0,0.0
49,@CBSNews,MOMENTS AGO: President Trump and first lady Melania Trump greet Israeli Prime Minister Benjamin Netanyahu and his wife at the White House https://t.co/DstGvw2LG0 https://t.co/njxvVjyglZ,0.3182,0.091,0.909,0.0
50,@CBSNews,"CBS News investigation has found child labor being used in the dangerous mining of cobalt in the Democratic Republic of Congo. The mineral cobalt is used in virtually all batteries in common devices, including cellphones, laptops and even electric vehicles https://t.co/TBkMB9YeAp https://t.co/mCA5LTkoyR",-0.4767,0.0,0.93,0.07
51,@CBSNews,Doctors protest after wrong patient gets brain surgery https://t.co/ELaC1DE3E0 https://t.co/FR1SWv0NGA,-0.6249,0.0,0.611,0.389
52,@CBSNews,"United Airlines swaps out employee bonuses with lottery, employees reportedly unhappy to get chance at cash or prizes instead of quarterly performance-based reward https://t.co/oD5hpwvdaG https://t.co/hj2lnhalMz",0.9062,0.409,0.515,0.076
53,@CBSNews,Harvard professor placed on leave following series of sexual misconduct allegations https://t.co/qYkKP9ajkL https://t.co/ElMl33uftS,-0.0516,0.0,0.909,0.091
54,@CBSNews,"Gun store owners called it the ""Trump slump:"" Sales of firearms slowed dramatically after the election of Donald Trump as president in 2016 allayed fears of a Democratic crackdown on gun owners https://t.co/0w1HNahtxB https://t.co/HVMy4MQ6GJ",-0.765,0.0,0.798,0.202
55,@CBSNews,"During her Oscars acceptance speech, Frances McDormand left the audience with two words: inclusion rider. She learned about it just a few weeks ago. Here's what the phrase means. https://t.co/VLcgTIwPYi",0.4588,0.097,0.903,0.0
56,@CBSNews,Some lawmakers on both sides of the aisle are avoiding national gun debate https://t.co/McSobuCsiI https://t.co/7y1SN0LAsu,-0.5859,0.0,0.73,0.27
57,@CBSNews,Republicans in Congress try to keep a low profile going into 2018 https://t.co/7u8tQVBR91 https://t.co/jbt3D2sprg,-0.2732,0.0,0.851,0.149
58,@CBSNews,Pres. Trump appears to be embracing potential for trade war as the administration defended the tariff decision from critics in Washington and overseas https://t.co/Mu1aglfjnZ https://t.co/oS7A8Dcdgq,-0.7269,0.0,0.79,0.21
59,@CBSNews,President Trump's Mideast peace plan in flux as Israeli PM Netanyahu visits White House https://t.co/2M0mTSowPD https://t.co/5dVjiYh7hG,0.5423,0.189,0.811,0.0
60,@CBSNews,Commentary: Three reasons Trump won't fire Jeff Sessions -- probably https://t.co/PfEeBMuHSc https://t.co/GT9jSVkXJw,0.2584,0.156,0.844,0.0
61,@CBSNews,"Director, writer and actor Jordan Peele made history at the Academy Awards, crediting Oscar-winner Whoppi Goldberg as one of his inspirations. https://t.co/JFGArXEkLe",0.7717,0.288,0.712,0.0
62,@CBSNews,"HAPPENING NOW: Bill Cosby enters a court house in Montgomery County, Pennsylvania, for the pre- trial hearing for his second trial on sexual assault. The first trial resulted in a hung jury last year. https://t.co/Ezfc7NE9DT",-0.5859,0.0,0.894,0.106
63,@CBSNews,Ohio Senate race shows how NRA exercises its political power https://t.co/93SelLazoF https://t.co/LSZG3fZiF4,0.0,0.0,1.0,0.0
64,@CBSNews,"Writer &amp; TV host Brad Meltzer has revealed some of history’s biggest secrets -- from Reagan carrying a gun to finding the missing 9/11 flag. His new book, “The Escape Artist” is about an Army sergeant presumed dead after her plane crashes -- but she’s still alive &amp; on the run: https://t.co/m4uMDlyhgm",-0.0516,0.084,0.811,0.105
65,@CBSNews,DACA permit deadline arrives with diminished sense of urgency https://t.co/n3tRee5K6n https://t.co/mp7p3lUd3Z,0.0,0.0,1.0,0.0
66,@CBSNews,"Newsguard Technologies aims to help people navigate through fake news on social media, using analysts to research &amp; rate thousands of news sources. They hope to license their findings to social media companies. Co-Founder Steven Brill joins @CBSThisMorning with more: https://t.co/FRLROIUVLQ",0.3612,0.12,0.814,0.066
67,@CBSNews,Here are some of this morning’s other headlines on @CBSThisMorning https://t.co/luQr20KMKA,0.0,0.0,1.0,0.0
68,@CBSNews,"One Texas city is trading public busses for ride-sharing. Arlington introduced commuter busses in 2013 but now the city has abandoned them, replacing them with a partnership with the ride-sharing company Via: https://t.co/s6MA4p7V5L",-0.6124,0.0,0.886,0.114
69,@CBSNews,"During Oscars, Hollywood takes aim at President Trump, with topics like immigration, gun laws and the president's penchant for social mentioned during the show https://t.co/712tJETy1D https://t.co/5R4wRcUrgQ",0.0258,0.087,0.83,0.083
70,@CBSNews,Bill Cosby is going back to court today for a pre-trial hearing in his sexual assault case. His first trial ended in a hung jury last year. A judge will hear arguments this week about the prosecution’s request to allow 19 accusers to testify in the retrial: https://t.co/bAPryvQ3VC,-0.6808,0.038,0.833,0.129
71,@CBSNews,.@CBSThisMorning is revealing the cover of their very first book: “Note To Self: Inspiring Words from Inspiring People.” It features 26 notes from the Emmy-nominated series where prominent figures write letters to their younger selves https://t.co/OkS8h070yf https://t.co/7UqJvD2DTG,0.7845,0.189,0.811,0.0
72,@CBSNews,A U.N. convoy is delivering badly needed aid to Eastern Ghouta this morning. The supplies come after the area saw renewed attacks over the weekend. President Bashar Al Assad said on Sunday the offensive that has reportedly killed more than 600 people will go on: https://t.co/IeDF1IkjIO,-0.926,0.0,0.752,0.248
73,@CBSNews,Special Counsel Robert Mueller reported has what @axios calls a “hit list” of people who communicated with one witness in the Russia investigation: https://t.co/HWlV7k7uF1,0.4019,0.109,0.891,0.0
74,@CBSNews,.@etnow’s @KevinFrazier was on the Oscars red carpet on Sunday night. He has more on the awards from Los Angeles https://t.co/Y400NHVdTF https://t.co/JtQFUk91Ve,0.5046,0.135,0.865,0.0
75,@CBSNews,"Desperate for food and basic medicines, Syrian civilians in Ghouta awaited a 46-truck convoy organized by the U.N. and key aid agencies to enter the rebel-held enclave https://t.co/Pl2UkRVvk5 https://t.co/WJUzIHrVQi",-0.34,0.0,0.884,0.116
76,@CBSNews,Here are some of this morning’s other headlines on @CBSThisMorning: https://t.co/c9Ffou523F,0.0,0.0,1.0,0.0
77,@CBSNews,"A CBS News investigation finds electronics could contain the product of child labor. A report by Amnesty International 2 years ago uncovered children were mining cobalt in the Democratic Republic of Congo. It ended up in Apple, Microsoft &amp; other products https://t.co/EAeNGjpEPe https://t.co/9vkSyYpOQS",0.0,0.0,1.0,0.0
78,@CBSNews,"Far-right and anti-EU parties surge in what one local paper called ""Ungovernable Italy"" https://t.co/yjxowk5taa https://t.co/ZrO6AV61NT",0.4019,0.162,0.838,0.0
79,@CBSNews,"Warning: parts of this video are disturbing.
Newly-released video shows the deadly ambush of 4 soldiers in Niger. It raises new questions about the U.S. military mission in the country. ISIS released the video as part of a propaganda campaign https://t.co/Do9rWdzywi https://t.co/cB1CScKvMR",-0.7717,0.0,0.828,0.172
80,@CBSNews,"Here are three things you should know this morning:
1?DACA deadline arrives
2?Netanyahu visits White House
3?First double EGOT winner https://t.co/kv49QQFvx9",0.5859,0.16,0.84,0.0
81,@CBSNews,Rape accusation against Kobe Bryant resurfaces after Oscars win https://t.co/ZR2phs3a7u https://t.co/r2rAvA1JnI,-0.4404,0.205,0.432,0.362
82,@CBSNews,"West Virginia lawmakers are meeting today to try to reach an agreement to end the statewide teachers' strike. This morning, nearly 300,000 students are out of class again for the 8th day. Teachers are protesting low salaries and rising health care costs https://t.co/MMMcpvtrff https://t.co/r0dxPZQ4h0",0.2732,0.145,0.732,0.123
83,@CBSNews,"More than 400,000 people in the East are still without power on Monday morning after Friday’s powerful nor’easter. Another powerful storm is on the move https://t.co/kuEyxcQ9Hk https://t.co/Y4TdxMwRjJ",0.6808,0.183,0.817,0.0
84,@CBSNews,"After the Parkland school shooting, Florida lawmakers are trying to pass new gun legislation for the first time in more than a decade. The state Senate is expected to vote Mon. on a bill that would allow teachers to be armed &amp; restrict some gun purchases https://t.co/yraiatTHXZ https://t.co/5kugBHARpN",-0.6705,0.037,0.819,0.144
85,@CBSNews,Populist and far-right parties dominated Italy’s parliamentary election. The results of yesterday’s vote are a major blow to the European Union https://t.co/n59R8qb0hJ https://t.co/pnPMomj9ux,0.4019,0.114,0.886,0.0
86,@CBSNews,"Chinese President Xi Jinping is expected to be granted broad new powers by the country's National People's Congress, which kicked off its annual session today https://t.co/D2l81ISe98 https://t.co/b5w3u5imy4",0.25,0.071,0.929,0.0
87,@CBSNews,"On Monday, South Korea’s government sent officials to resume talks in North Korea aimed at lowering the risk of war https://t.co/XCe3hW7hcS https://t.co/x6eAdrj8Mu",-0.7906,0.0,0.704,0.296
88,@CBSNews,"President Trump says he will go through with a plan to impose tariffs on steel and aluminum imports. The president tweeted “Our Steel and Aluminum industries are dead. Sorry, it’s time for a change.” Some of the president's allies disagree with the plan https://t.co/NHO0SSJORk https://t.co/MCjMHYsJnk",-0.8555,0.0,0.789,0.211
89,@CBSNews,The 90th Academy Awards gave the movement for a change in Hollywood a global platform after months of scandal over sexual misconduct. A string of presenters called for female empowerment and visibility. @etnow’s @KevinFrazier reports https://t.co/Y400NHVdTF https://t.co/IKKCYugzmT,0.0258,0.079,0.844,0.077
90,@CBSNews,Miss the Oscars? Here's your complete list of last night's winners: https://t.co/PKzX33htx0 https://t.co/vS8ZGXpPU9,0.3612,0.197,0.701,0.102
91,@CBSNews,"COMING UP on @CBSThisMorning"" @RikkiJKlieman joins us with legal analysis of motions being heard as comedian Bill Cosby returns to court for a pretrial hearing. A judge will hear arguments this week about the prosecution's request to let 19 Cosby accusers testify in the retrial. https://t.co/cfO33as3Fn",0.1027,0.086,0.858,0.056
92,@CBSNews,Ryan Seacrest: A-listers skip E! News host's Oscars red carpet show https://t.co/zILcZcpviZ https://t.co/iQe4WBQguT,0.0,0.0,1.0,0.0
93,@CBSNews,"Ahead on @cbsthismorning, @etnow's @KevinFrazier discusses last night's 90th Academy Awards--winners, highlights, and best moments. #oscars https://t.co/kMsibQUPsN",0.6369,0.208,0.792,0.0
94,@CBSNews,"Police identify Alabama man who killed himself near the White House on Sunday, it is unclear if the incident was politically connected in nature https://t.co/K5fCzQukQl https://t.co/ytA44txYPE",-0.7579,0.0,0.787,0.213
95,@CBSNews,"Sen. Joe Manchin: ""It's not gun control, it's gun sense"" https://t.co/qvXrNXEJuN https://t.co/sF89V49X98",0.4717,0.289,0.711,0.0
96,@CBSNews,"Sen. Lindsey Graham says new Trump tariffs ""let China off the hook"" https://t.co/hRpGEufAqD https://t.co/HNwu2lMXmF",0.0,0.0,1.0,0.0
97,@CBSNews,Rotten Tomatoes: Where movie reviews are fresh or rotten https://t.co/DkgsyqojwW https://t.co/jZ239QOQvI,-0.6486,0.136,0.473,0.391
98,@CBSNews,It's complicated: When filmmakers' legacies intertwine with #MeToo https://t.co/kWaXiYOuJC https://t.co/ZAt06ycaxL,0.0,0.0,1.0,0.0
99,@CBSNews,"Glenda Jackson returns to Broadway in ""Three Tall Women"" https://t.co/ysdT6harF8 https://t.co/vdbfl6F5zh",0.0,0.0,1.0,0.0
0,@CNN,"""I can assure you that from the Democratic point of view, there's still another 20 or 30 individuals that we think are pertinent to this investigation."" Rep. Jackie Speier responds to Republicans who are calling for the House panel investigation to wrap up https://t.co/I5rmLBdlnB https://t.co/fxZX4PJIqu",0.34,0.052,0.948,0.0
1,@CNN,"Meet the CryptoKitties, a species of blockchain-based digital cat that you can now buy and trade with cryptocurrency https://t.co/ycz3SaqSP4 via @CNNStyle https://t.co/PEHQTW3wM5",0.0,0.0,1.0,0.0
2,@CNN,"RT @AC360: The trade war President Trump? said would be easy just got harder thanks to Paul Ryan, the top Republican in Congress.
""#Keeping…",0.4019,0.241,0.635,0.124
3,@CNN,"The GOP is a clear favorite in a Mississippi special election, but Democrats shouldn't discount an upset | Analysis by Harry Enten https://t.co/gvFRJWuwat https://t.co/jPgLE1H1MQ",0.7526,0.331,0.669,0.0
4,@CNN,Lyft doubles down on helping patients get rides to the doctor https://t.co/CPRsEs6b1d https://t.co/CYa2alYpad,0.296,0.155,0.845,0.0
5,@CNN,Is the West Virginia teachers' strike the future of American labor? | Analysis by CNN's Gregory Krieg https://t.co/4fAsrJElSj https://t.co/HOj3AKk00H,-0.128,0.0,0.919,0.081
6,@CNN,"China's massive plan to pump hundreds of billions of dollars into ports, rail lines and other projects across Asia, Europe and Africa could pile debt problems onto smaller countries, report says https://t.co/JCnsmCix4i https://t.co/ppH9UcBSEo",-0.6369,0.0,0.856,0.144
7,@CNN,"""He spent an entire day doing national media that he could have been using to essentially get all these emails together,"" former federal prosecutor Anne Milgram says of Sam Nunberg. ""I don't think a judge will be very sympathetic"" https://t.co/IjxnfPSDTO https://t.co/XwhRQBnW5t",0.5563,0.084,0.916,0.0
8,@CNN,Introducing PACIFIC: The newsletter for the Innovation Economy. Sign up today! https://t.co/jSNf3lJzB6 https://t.co/yveD3RomWi,0.4389,0.194,0.806,0.0
9,@CNN,"RT @AC360: Rep. Adam Schiff of California, the ranking Democrat on the House Intelligence Committee, said that the House panel needs to int…",0.4767,0.124,0.876,0.0
10,@CNN,The 42 craziest quotes from Sam Nunberg's absolutely bonkers CNN interviews | Analysis by @CillizzaCNN https://t.co/sZBgeq66Iv https://t.co/fbfO5FAGoF,-0.0516,0.0,0.926,0.074
11,@CNN,North Korea's Kim Jong Un meets with a high-ranking South Korean delegation -- believed to be the first time the young leader has spoken face-to-face with officials from the South since he took power in 2011 https://t.co/JMbDTyiDUJ https://t.co/lNArtlkt4G,0.0,0.0,1.0,0.0
12,@CNN,Why Sam Nunberg's insane interviews were inevitable | Analysis by @CillizzaCNN https://t.co/mYoGCe2vm1 https://t.co/cvPbzKASuR,-0.4019,0.0,0.803,0.197
13,@CNN,"""I'm not going to get sent to prison."" Former Trump campaign aide Sam Nunberg said he doesn't think he'll face consequences like being jailed over his plans to refuse a grand jury subpoena in the Russia investigation led by special counsel Robert Mueller https://t.co/MKUoLuIzqS https://t.co/Ls4INeyyWF",0.4215,0.156,0.741,0.103
14,@CNN,"A Florida middle school teacher secretly ran a white supremacist podcast. In a statement through her attorney, she claimed her comments were ""political satire and exaggeration"" and that the persona was a ""hobby."" https://t.co/2uQVCf29yt",0.128,0.049,0.951,0.0
15,@CNN,"Rep. Adam Schiff of California, the ranking Democrat on the House Intelligence Committee, said that the House panel needs to interview former Trump campaign aide Sam Nunberg as part of its Russia investigation https://t.co/WFjHd2ytej https://t.co/QkbV7N3ac8",0.4767,0.084,0.916,0.0
16,@CNN,"RT @OutFrontCNN: ""I would go there, sure. I think it would be funny."" - Former Trump aide Sam Nunberg responds to Dem. Rep. Adam Schiff's r…",0.3182,0.091,0.909,0.0
17,@CNN,Newsrooms across Washington were brought to a standstill as a wild interview with Sam Nunberg unfolded https://t.co/dYk76aSire,0.0,0.0,1.0,0.0
18,@CNN,"RT @OutFrontCNN: ""To save time, maybe I'll just give them my [email] password."" Former Trump aide Sam Nunberg tells @erinburnett he has ""no…",0.4939,0.127,0.873,0.0
19,@CNN,"""I'm not going to be sent to prison. ... Do you think Robert Mueller is going to send me to prison, Erin, for this?"" Former Trump campaign aide Sam Nunberg says he refuses to comply with a grand jury subpoena in the Russia investigation https://t.co/6tNMUdyFRk https://t.co/wjYGZLFpjp",-0.5574,0.058,0.814,0.128
20,@CNN,"Wreckage from a US aircraft carrier sunk by the Japanese during World War II was found 500 miles off the Australian coast, billionaire and Microsoft co-founder Paul Allen announced (corrects photo) https://t.co/p44XUBPghl https://t.co/OpbucvjMMJ",-0.5994,0.0,0.888,0.112
21,@CNN,Comedian Jon Stewart joined advocates on Capitol Hill to pressure White House budget director Mick Mulvaney to abandon a proposal that they say could threaten health care treatment for 9/11 first responders https://t.co/Yi1jvoqQS8 https://t.co/iLFLKBmKNj,-0.2263,0.14,0.675,0.186
22,@CNN,"""I really could care less what the Trump White House has to say about me. ... They're doing a terrible job for him."" Former Trump aide Sam Nunberg joins @erinburnett amid claims he will defy a subpoena from Robert Mueller https://t.co/4QHd6GeQHn https://t.co/Szfm46r7se",0.0972,0.078,0.852,0.07
23,@CNN,"Larry Summers, a Democrat who led the Treasury Department under Clinton and served as one of Obama's top economic advisers, called Trump's proposed tariffs the ""most irrational economic policy that any president has introduced in the last half century"" https://t.co/VKuPCuBDtX https://t.co/Jfy4VTU95s",-0.024,0.083,0.855,0.062
24,@CNN,"President Trump, you broke DACA. Now fix it. | By @SenSchumer via @CNNOpinion https://t.co/BMHcIDBRSR https://t.co/Nt7lMm35cb",-0.4215,0.0,0.823,0.177
25,@CNN,"""A grand jury subpoena is not an invitation to a birthday party which you can accept or reject at your pleasure"": Former federal prosecutor Jeffrey Toobin reacts to Sam Nunberg vowing to defy Mueller subpoena https://t.co/hsQ6amNqqe https://t.co/0HgqldGSLl",0.6808,0.193,0.744,0.063
26,@CNN,"With every single public school in West Virginia closed, parents are struggling to figure out what the teacher strike means for their kids' education https://t.co/TC7QFznNxK https://t.co/IjjrK4jGfX",-0.5106,0.0,0.848,0.152
27,@CNN,"Capitol Police arrested 87 protesters demonstrating in support of DACA, authorities told reporters https://t.co/oHlZ8v4zbG",-0.3182,0.144,0.588,0.267
28,@CNN,"JUST IN: The Florida state Senate has passed a bill that would raise the age to buy a firearm from 18 to 21 and require a three-day waiting period for gun purchases, with some exceptions. The Florida House is set to take up the bill next. https://t.co/cixBVM1rHw",-0.34,0.0,0.947,0.053
29,@CNN,"Wreckage from a US aircraft carrier sunk by the Japanese during World War II was found 500 miles off the Australian coast, billionaire and Microsoft co-founder Paul Allen announced https://t.co/V9KqFXwTHc https://t.co/ZIoBJINWg3",-0.5994,0.0,0.881,0.119
30,@CNN,"Find out who and what is making big waves in the worlds of tech, media and innovation. Sign up for PACIFIC, CNN’s new newsletter with Dylan Byers ? https://t.co/GkDsiNVyGf https://t.co/lJe1nnsVVK",0.3818,0.085,0.915,0.0
31,@CNN,"Tens of thousands of low-income Arkansas residents will have to start working in June if they want to keep their Medicaid benefits. However, the Trump administration is still reviewing a more controversial provision in the Arkansas waiver. https://t.co/sgbmBtVg6T https://t.co/A21UaUpwFy",0.204,0.095,0.854,0.051
32,@CNN,President Trump's steel tariff could cost Ford and General Motors $1 billion a year https://t.co/qDDvPrD74t https://t.co/m4I1mNmoxf,0.0,0.0,1.0,0.0
33,@CNN,The Dow climbed 336 points after House Speaker Paul Ryan and other top Republicans broke with the White House over President Trump's planned steel and aluminum tariffs https://t.co/XmVjKuellk https://t.co/4suyogfOnJ,-0.25,0.057,0.854,0.089
34,@CNN,Twitter's tribute to women rings hollow for some targets of abuse https://t.co/atDCHUtp1F https://t.co/wByQ0O6oYW,-0.6369,0.0,0.741,0.259
35,@CNN,"President Trump prides himself on being a business-friendly leader. But for the CEO president, the reality is much more complicated. https://t.co/X9nA7TMVsT https://t.co/8CRrRS1hB4",0.0,0.0,1.0,0.0
36,@CNN,The Lonely Island's hilarious rejected #Oscars song deserves a listen https://t.co/OYWLd24mXF https://t.co/7i2zrBMUpI,-0.4767,0.164,0.485,0.352
37,@CNN,The tariffs President Trump wants — and the trade war they could start — have the potential to hit red states hard https://t.co/a6dy1LjXhi https://t.co/BobNrh6OoK,-0.6486,0.0,0.791,0.209
38,@CNN,Gymnast Jacob Moore went to visit Larry Nassar for what he thought would be treatment for his ailing shoulder. He's now the first man to accuse the disgraced doctor of abuse. https://t.co/XMXrrRB6lA https://t.co/DaeiAQRy8v,-0.8402,0.0,0.769,0.231
39,@CNN,"The Trump administration continues to review a report from the Department of Veterans Affairs inspector general that found that Secretary David Shulkin misused taxpayer funds during a trip to Europe, White House press secretary Sarah Sanders said https://t.co/rp0gXpRdWZ https://t.co/fuAqNVeLmb",0.0,0.0,1.0,0.0
40,@CNN,"Now that President Trump is officially running for re-election, federal workers will need to leave their Make America Great Again hats at home or risk violating election law https://t.co/Qb3JIYoB4D https://t.co/GAXmYRQdcN",-0.1779,0.111,0.705,0.184
41,@CNN,The people who like the sort of tariffs that President Donald Trump just proposed on steel and aluminum are usually pretty critical of the Trump administration https://t.co/4gXNGn5f5h https://t.co/24qrNJaOqv,0.5267,0.173,0.758,0.07
42,@CNN,"""What lawyer could have possibly told you, 'Hey, you know what would be good? If you're going to reject the subpoena from Mueller, you should go on television and call him an idiot.'"" -@CillizzaCNN reacts to Sam Nunberg's refusal to comply https://t.co/2vxhxUL3M4 https://t.co/BKkv6H9b3I",0.0516,0.062,0.88,0.058
43,@CNN,"Sam Nunberg's defiance of Mueller's subpoena is like ""raising a middle finger to the teacher in the classroom,"" says former CIA official Phil Mudd. ""He's going to get some detention"" https://t.co/OOzl9MrwgA https://t.co/EEIfDezv26",0.0,0.074,0.853,0.074
44,@CNN,"Former Trump aide Sam Nunberg's refusal to comply is ""stunning,"" says Democratic Rep. Joaquin Castro. ""If he continues with that line, then I suspect that he'll be held in contempt"" https://t.co/XLSILKCrSr https://t.co/SeTOE1dSwj",-0.7184,0.0,0.829,0.171
45,@CNN,"United Airlines had plans to replace quarterly employee bonuses with a $100,000 lottery prize, but quickly shelved them after a stinging backlash from its workforce https://t.co/Tx2IPdj1PI https://t.co/UkXN9yHThh",0.6542,0.224,0.776,0.0
46,@CNN,Former Trump campaign aide Sam Nunberg says he refuses to comply with a grand jury subpoena in special counsel Robert Mueller's investigation. Watch his full interview with CNN's @jaketapper https://t.co/VDuauIGeA2 https://t.co/I1Fv1z4P6l,0.6908,0.169,0.831,0.0
47,@CNN,The 23 craziest quotes from Sam Nunberg's absolutely bonkers interview | Analysis by @CillizzaCNN https://t.co/HlDtrb93cE https://t.co/FEWgCxJc68,-0.0516,0.0,0.921,0.079
48,@CNN,"Bewildered White House staff watch former Trump campaign aide Sam Nunberg's interviews, with some calling them ""bizarre"" and ""nuts"" https://t.co/NNVjBjkhKG https://t.co/wXBjBcWjAR",0.0,0.0,1.0,0.0
49,@CNN,"RT @CNNnewsroom: ""Mueller thinks that Trump is the Manchurian candidate, and I will tell you I disagree with that"" - Former Trump campaign…",-0.3818,0.0,0.88,0.12
50,@CNN,Introducing PACIFIC: The newsletter for the Innovation Economy. Sign up today! https://t.co/rj5ubRnGJJ https://t.co/2k1r5rbD4y,0.4389,0.194,0.806,0.0
51,@CNN,"JUST IN: Mississippi Republican Sen. Thad Cochran, who chairs the powerful Appropriations Committee, will leave his seat effective April 1 https://t.co/uRdxlg2ApP https://t.co/hpaLqiV929",0.6908,0.235,0.717,0.048
52,@CNN,Oklahoma teachers say they are considering a strike after a bill that would have funded raises for teachers was voted down in the state House https://t.co/XMMw8YIcgc https://t.co/pxny2ELqZj,-0.128,0.0,0.941,0.059
53,@CNN,"RT @TheLeadCNN: Sam Nunberg on special counsel investigation: ""Do you think I should cooperate?"" 

@jaketapper: ""If it were me, I would."" h…",0.4019,0.124,0.876,0.0
54,@CNN,"This year's #Oscars got the lowest ratings in the show's history, a nearly 20% drop from last year https://t.co/3YAuY3EI00 https://t.co/K2LGXURurl",-0.5719,0.0,0.783,0.217
55,@CNN,"President Trump’s personal attorney Michael Cohen complained about having not been reimbursed for a six-figure payment to a porn star alleged to have had an affair with Trump, The Wall Street Journal reports https://t.co/TQiz3kqwQf https://t.co/wzRTtJAwEW",-0.4019,0.0,0.922,0.078
56,@CNN,Former Trump aide Sam Nunberg claims “Carter Page was colluding with the Russians” https://t.co/yoeETTuMWz https://t.co/2FLP3YTrM0,-0.296,0.0,0.864,0.136
57,@CNN,A painting of a Confederate flag and a mural depicting a lynching have been removed from the walls of a Tennessee school gymnasium https://t.co/tJUCTnE4dT https://t.co/sPnA3vZNId,0.0,0.0,1.0,0.0
58,@CNN,Former Trump aide Sam Nunberg defiantly says he won’t cooperate with the special counsel’s investigation: “I’m not cooperating. Arrest me.” https://t.co/aNSV4yxfEY https://t.co/jbJvpNslM7,0.577,0.191,0.809,0.0
59,@CNN,"Former Trump aide Sam Nunberg on the special counsel’s investigation: “They know something on [Donald Trump] … I don’t know what it is, and perhaps I’m wrong, but he did something.” https://t.co/aNSV4yxfEY https://t.co/NgGvSfYAIk",-0.0516,0.056,0.881,0.062
60,@CNN,"RT @CNNnewsroom: ""The President's ultimate goal is to get free, fair, and reciprocal trade. And if China wants to come to the table and pla…",0.6808,0.196,0.804,0.0
61,@CNN,RT @CNNPolitics: Nunberg says Roger Stone quit working with the Trump campaign because he was “absolutely disgusted” by the way Nunberg was…,0.0,0.0,1.0,0.0
62,@CNN,Former Trump aide Sam Nunberg says he will not testify before special counsel Robert Mueller due to their request for his communications with other Trump aides and advisers: “It was absolutely ridiculous” https://t.co/4ZE4CordFW https://t.co/C6nzfIiJ7v,-0.3089,0.0,0.936,0.064
63,@CNN,"Former Trump aide Sam Nunberg: “I’m not a Donald Trump fan. … He treated me like crap,” but when they ask me to go to the grand jury after I sat there for close to 5.5 hours -- ""I'm not going back in."" https://t.co/SPOEewYUgu https://t.co/yZPPGKuXrG",0.645,0.124,0.844,0.032
64,@CNN,"Do you believe that the special counsel has something on Donald Trump?

Former Trump aide Sam Nunberg: “I suspect that they suspect something about him.” https://t.co/HhbtL156Kp https://t.co/hHVPA9JMI5",-0.1779,0.087,0.772,0.141
65,@CNN,"Former Trump campaign aide Sam Nunberg says he is refusing to comply with a grand jury subpoena in the Russia investigation led by special counsel Robert Mueller. ""Let him arrest me,"" he told the Washington Post https://t.co/MrQaM4BgEA https://t.co/DVhrkuCgpq",0.1531,0.13,0.753,0.116
66,@CNN,"White House press secretary Sarah Sanders on House Speaker Paul Ryan's remarks about the possibility of tariffs: ""We have a great relationship with Speaker Ryan, we're going to continue to have one, but that doesn't mean we have to agree on everything."" https://t.co/hhSniCLmwo https://t.co/wVydOFuNpZ",0.7003,0.124,0.876,0.0
67,@CNN,RT @CNNPolitics: White House press secretary Sarah Sanders on DACA: “I think it’s absolutely terrible that Congress has failed to act” http…,-0.7713,0.0,0.749,0.251
68,@CNN,"Martin Shkreli was ordered by a federal judge to forfeit nearly $7.4 million as a result of his fraud convictions last year, including a one-of-a-kind Wu Tang album for which he reportedly paid $2 million https://t.co/wGHJzdPJ9i https://t.co/umYOhMGhqC",-0.5859,0.0,0.897,0.103
69,@CNN,"The White House is holding a press briefing. Watch CNN: https://t.co/UYpqI3w42L

Watch on Facebook: https://t.co/9UOOo9ww4A https://t.co/atRMvo121y",0.0,0.0,1.0,0.0
70,@CNN,"""Bless your hearts."" Lawmakers from states boasting a proud barbecue legacy are joining in on the roasting of an article touting Brooklyn's BBQ style as ""taking over the world"" https://t.co/zMlWtO6Obf https://t.co/BXzKEkKqDk",0.6369,0.171,0.78,0.049
71,@CNN,"Walmart, the biggest grocer in the United States, is expanding its meal-kit business to reach 2,000 stores https://t.co/J3fBCSfRQk https://t.co/Kp9pJOloAr",0.4404,0.187,0.813,0.0
72,@CNN,"The number of children admitted to hospitals for opioid overdose has nearly doubled since 2004, according to a new study https://t.co/zsTl2eLPoT https://t.co/F7I95lET2J",0.1779,0.124,0.876,0.0
73,@CNN,"Police in southwest England say two people are in critical condition and are being treated ""for suspected exposure to an unknown substance."" One of the victims is a former Russian spy, Britain's national broadcaster said. https://t.co/tc4EEwtvz2",-0.6705,0.0,0.831,0.169
74,@CNN,Meet the schoolgirls learning to fight off attackers -- and the schoolboys learning about sexual consent #AsEquals https://t.co/FqUktjvXKA https://t.co/1qbGc4gFbh,-0.6597,0.079,0.661,0.26
75,@CNN,"An online fundraiser for West Virginia teachers on strike had raised more than $225,000 from nearly 5,000 donors as of Monday afternoon https://t.co/xY6Oh8uuIm https://t.co/1DFI7iyuxJ",-0.128,0.0,0.939,0.061
76,@CNN,Introducing PACIFIC: The newsletter for the Innovation Economy. Sign up today! https://t.co/9kv5PMBajJ https://t.co/moTx9XnyLe,0.4389,0.194,0.806,0.0
77,@CNN,Want to avoid a three-hour drive to the airport in some of India's worst traffic? This airport will fly you to the terminal in a helicopter for $65 https://t.co/XhHJwkEgvJ https://t.co/z1LZ3YIYht,-0.7184,0.04,0.767,0.193
78,@CNN,This may be the scariest thing Donald Trump has said as president | Analysis by @CillizzaCNN https://t.co/Ix6YTEiD5w https://t.co/hZNXTr2q4J,0.0,0.0,1.0,0.0
79,@CNN,President Trump wants to impose a 25% tariff on steel imports and a 10% tariff on aluminum imports. Here's what that could mean for your wallet and why you need to check your paycheck https://t.co/4u5t9mNnoF https://t.co/5GWByBC86U,-0.296,0.0,0.937,0.062
80,@CNN,Conservatives -- including House Speaker Paul Ryan -- are striking back after President Trump announced last week he planned to raise tariffs on aluminum and steel coming into the US https://t.co/MwjEMKN47O https://t.co/sds2AzUHjq,0.0,0.0,1.0,0.0
81,@CNN,Amazon is reportedly looking to partner with banking giants JPMorgan Chase and Capital One to offer shoppers Amazon-branded checking accounts https://t.co/OpgB2Lsf57,0.1779,0.078,0.922,0.0
82,@CNN,Why Italy won't get the universal income it was promised https://t.co/fMdQQcnVTj https://t.co/Ddj1lqVLCg,0.3612,0.185,0.815,0.0
83,@CNN,"Ben Carson on the Department of Housing and Urban Development: ""There are more complexities here than in brain surgery"" https://t.co/zBWUPst80z https://t.co/T3ahXmHxfO",0.0,0.0,1.0,0.0
84,@CNN,"President Trump and the first lady welcome Israeli Prime Minister Benjamin Netanyahu and his wife to the White House 

Live updates: https://t.co/V9vi8a8Zla https://t.co/1Oj8yWwmSZ",0.4588,0.12,0.88,0.0
85,@CNN,"Common called out President Trump's ""hate"" and the National Rifle Association while performing ""Stand Up for Something"" at the Oscars with Andra Day https://t.co/UdGRoU166F https://t.co/RHJQSSTLRB",0.0,0.0,1.0,0.0
86,@CNN,West Virginia public school teachers are striking for an eighth day because the state legislature didn't meet their demand for higher pay and better benefits over the weekend https://t.co/6RZ9gyGDho https://t.co/Um2MEsEV4q,0.6673,0.2,0.759,0.041
87,@CNN,No men are allowed on this private island off the coast of Finland https://t.co/yDwTcQQ3i7 https://t.co/jn6qCSIg0u,-0.296,0.0,0.864,0.136
88,@CNN,"When Israeli Prime Minister Benjamin Netanyahu arrives at the White House today, it will be under clouds of controversy -- both his own and those of his hosts https://t.co/mQDOK4dcD2 https://t.co/HPwIDJkHb9",0.0,0.0,1.0,0.0
89,@CNN,Want to avoid a three-hour drive to the airport in some of India's worst traffic? This airport will fly you to the terminal in a helicopter for $65 https://t.co/O7ghmSntU5 https://t.co/K8kFlKfJXt,-0.7184,0.04,0.767,0.193
90,@CNN,RT @CNNMoney: Introducing PACIFIC: The newsletter for the Innovation Economy. Sign up today! https://t.co/8abbJnM7zI,0.4389,0.182,0.818,0.0
91,@CNN,"If a possible mass shooter wants to hone his craft, don't hand him a virtual boot camp | via @CNNopinion https://t.co/1Lbl04ubcc https://t.co/DznOMpghri",-0.3875,0.0,0.873,0.127
92,@CNN,"Macaulay Culkin says he didn't watch the Oscars, but that didn't stop him from live-tweeting the event https://t.co/xGN3eyQxbp https://t.co/FhHheQR9cT",0.3252,0.115,0.885,0.0
93,@CNN,"Former Trump campaign manager Corey Lewandowksi on abuse allegations against former White House staff secretary Rob Porter: ""Somebody knew. And the question was what did they know and how soon did they know it?"" https://t.co/I0jRQlEw5T https://t.co/pdTYjilvmQ",-0.8316,0.0,0.813,0.187
94,@CNN,"This college tax credit saved the typical American family $2,277 https://t.co/CaJrR8H9cr https://t.co/ZRLBe38lpI",0.6597,0.351,0.649,0.0
95,@CNN,"President Trump accuses the Obama administration of using the investigation into potential ties between his campaign and Russia's meddling in the 2016 election to discredit his bid and boost the chances of his Democratic opponent, Hillary Clinton https://t.co/3HKmj2eJc6 https://t.co/c9TAwUN0xF",0.2732,0.105,0.839,0.056
96,@CNN,Jailed Russian 'sex coaches' offer to trade election info for US asylum https://t.co/PajAZhzd9U https://t.co/1BzxySrSe1,-0.4939,0.0,0.802,0.198
97,@CNN,"- President Trump, tariffs and NAFTA

- Trump welcomes Israeli PM Netanyahu

- White House press briefing at 2 p.m. ET

It's a new week in Washington. Follow live politics updates throughout the day: https://t.co/IxpodnPHL3 https://t.co/ckUbIQxIUv",0.4019,0.083,0.917,0.0
98,@CNN,No men are allowed on this private island off the coast of Finland https://t.co/TrWRQT6UBQ https://t.co/zkVvKoTY9J,-0.296,0.0,0.864,0.136
99,@CNN,"As the dust settles on Italy's election, there are clear winners and losers, but no clear outcome after a campaign dominated by anti-immigrant rhetoric and promises that will be hard to keep https://t.co/UEyEcvQZZ6 https://t.co/GYIjeRIbRP",0.7391,0.253,0.618,0.128
0,@FoxNews,"ABC star Jimmy Kimmel's 'divisive,' politically charged Oscars were lowest on record https://t.co/mtqJUDEMKU",-0.5267,0.0,0.714,0.286
1,@FoxNews,Ohio Forklift Driver Who Switched Parties: #Trump 'Knows What He's Doing' on Tariffs https://t.co/RjGE5Xqc4X,0.4019,0.172,0.828,0.0
2,@FoxNews,"RT @FoxNewsResearch: Sam Nunberg:
•Began consulting for Trump in 2011
•Served for six weeks as an adviser to Trump's campaign
•Aug 2015: Fi…",0.0,0.0,1.0,0.0
3,@FoxNews,".@MarkCGlaze on difficulties of stopping school shooters: ""[It] has to do with the fact that there are 300 million guns on the streets of America and the @NRA's only solution is to put 400 million out there."" https://t.co/GqXkLD2XIz",-0.128,0.056,0.852,0.092
4,@FoxNews,".@CaseyCagle: ""[@Delta] is family here in Georgia and we'll continue to fight together, but on issues like the Constitution...we have to push back."" https://t.co/rotJnKFMFk https://t.co/FJQ8Nfo8Mz",0.3506,0.116,0.82,0.064
5,@FoxNews,"""We do have to stand up and fight and push back and do it in a very respectful way."" — @CaseyCagle on GA tax bill punishing @Delta for cutting ties to @NRA  https://t.co/rotJnKFMFk https://t.co/zXFcDIN6hI",-0.5279,0.084,0.718,0.197
6,@FoxNews,#Trump name removed from Panama hotel after days-long standoff https://t.co/LyRWgtm9hC,0.0,0.0,1.0,0.0
7,@FoxNews,".@JoeConchaTV: ""We saw a lot of diversity last night and everybody celebrates diversity and it's great. The only diversity that doesn't seem to be accepted at this point is diversity of thought, diversity of another kind of political opinion.""  https://t.co/A7MA6ITxbP https://t.co/HtXa8fDeac",0.872,0.211,0.789,0.0
8,@FoxNews,".@marthamaccallum: “I would love to see us get through one year without a school shooting, just as a starting point in all of this. Do you think that’s possible, Andrew?”
Andrew Pollack: “Why think? We should do. We need to act. We need to be proactive.” #TheStory https://t.co/7lKNA2777U",0.6767,0.092,0.908,0.0
9,@FoxNews,"Andrew Pollack, whose daughter was killed in Parkland shooting: “The media focuses on gun control, and it doesn’t work. That’s a big issue, so my issue is: let’s change it this time. My daughter was murdered, and I’m going to do something different.” #TheStory https://t.co/H1aFGl1zGa",-0.9062,0.0,0.784,0.216
10,@FoxNews,".@HeyTammyBruce: “The United States is standing very strongly with Israel. There’s no question here at this stage. Obviously, the moving of the embassy to Jerusalem is another statement that we’re going to even go further than we have in the past.” #TheStory https://t.co/LCikQ2qNEY",0.4576,0.11,0.844,0.046
11,@FoxNews,"RT @EricShawnTV: At @AIPAC, @SenSchumer : ""We must pass and highlight the #TaylorForceAct, ""The Taylor Force Act will force the world to co…",0.34,0.103,0.897,0.0
12,@FoxNews,".@KatrinaPierson: “We are no longer even talking about collusion with Russia at this point…The investigation is continuing to broaden its scope. They just need to admit there was no Russia collusion, and then try to get on with the day.” #TheStory https://t.co/7mXgbfVTHh",-0.3818,0.04,0.863,0.097
13,@FoxNews,"RT @MikeEmanuelFox: Protesters, White House want Congress to act on immigration-from #SpecialReport tonight: 

https://t.co/owJGZjCbsI",-0.1531,0.086,0.789,0.125
14,@FoxNews,".@RepDevinNunes: “If you’re going to go against the Russians, against a foreign adversary, the first thing you do is don’t talk about it.” #TheStory https://t.co/T1EEcWh6q0",-0.2023,0.0,0.927,0.073
15,@FoxNews,".@RepDevinNunes: “The Russians had an operation against us, but they’ve always had an operation against the United States of America, going back for many, many years and many elections.” #TheStory https://t.co/W2mzsFGpwj",0.5719,0.11,0.89,0.0
16,@FoxNews,". @RepDevinNunes: “The questionnaire really asks some simple questions. ‘When did you know the Democrats paid for the dossier, and who did you tell?’” #TheStory https://t.co/XqvoH4XGzZ",0.0,0.0,1.0,0.0
17,@FoxNews,".@FBI agent Peter Strzok was told of possible breach into @HillaryClinton's server but didn't follow up, sources say https://t.co/UwCZJD7hkE",0.0,0.0,1.0,0.0
18,@FoxNews,".@mikeallen shares reaction to congressional inaction on DACA: ""They said there's nothing you can do to get this Congress to do something if they don't have to.""  #SpecialReport https://t.co/OTXrNCollP https://t.co/gCKJqiWFLG",0.0516,0.068,0.87,0.062
19,@FoxNews,TUNE IN: @RepDevinNunes speaks exclusively with @marthamaccallum now on #TheStory on Fox News Channel. https://t.co/z2kaPNeSbv,0.0,0.0,1.0,0.0
20,@FoxNews,".@MZHemingway on criticism of @POTUS' tariff plan: ""If it's unacceptable for us, it's also unacceptable for all these other countries that punish U.S. corporations."" #SpecialReport  https://t.co/fdLS0ececg https://t.co/cRqXd1OvwK",-0.9062,0.0,0.652,0.348
21,@FoxNews,"FULL STEAM AHEAD: This train in England plows the rails, throwing snow high in the air, as it clears the tracks after a recent storm. https://t.co/4uV0uVFtuE",0.0772,0.051,0.949,0.0
22,@FoxNews,".@brithume on @POTUS steel tariff announcement: ""Remember this about this president...This is something he basically promised to do during the campaign and say what you will about #DonaldTrump - he does try to keep his campaign promises."" #SpecialReport  https://t.co/fdLS0ececg https://t.co/1gY19fSM0k",0.3612,0.062,0.938,0.0
23,@FoxNews,Saudi Arabia hosts first-ever race for women https://t.co/yKxeUDOFyG,0.0,0.0,1.0,0.0
24,@FoxNews,"GOP lawmakers renew calls for second special counsel, say it may be 'unavoidable' - via @brookefoxnews 
https://t.co/pZydqz1DoN",0.4019,0.153,0.847,0.0
25,@FoxNews,"Tennessee grandma brings Doritos bag full of drugs to prison, police say https://t.co/qpcPCfSWUk",-0.5106,0.0,0.784,0.216
26,@FoxNews,".@kimguilfoyle: “To see [@POTUS] in kind of good humor, making…inroads with the media, I thought that was good. You know, it just shows…his flexibility and his versatility, and he’s very good at these events.” #TheFive https://t.co/L0MMP6HlWL",0.8839,0.291,0.709,0.0
27,@FoxNews,".@kilmeade: ""I don’t buy that it’s as chaotic as this.” #TheFive https://t.co/KNXnKo2AGq",-0.4939,0.0,0.775,0.225
28,@FoxNews,TONIGHT: @RepDevinNunes speaks exclusively with @marthamaccallum. Tune in to @TheStoryFNC on Fox News Channel at 7p ET.  #TheStory https://t.co/hRONLp7jhe,0.0,0.0,1.0,0.0
29,@FoxNews,Embarrassment as Emma Watson sports feminist tattoo with grammatical error https://t.co/Gaj5o2L34N,-0.6808,0.0,0.616,0.384
30,@FoxNews,"Mississippi GOP Sen. Thad Cochran resigning April 1 amid health challenge - via @brookefoxnews
https://t.co/eVNfsSDiaF",-0.1531,0.092,0.775,0.134
31,@FoxNews,.@POTUS spoke Monday about trade barriers and tariffs that other countries have imposed on the U.S. https://t.co/fdLS0ececg https://t.co/9JxRTT1tWa,-0.0772,0.0,0.929,0.071
32,@FoxNews,"Teen thought her drooping eye was booze-related, but it was a brain tumor https://t.co/4x65cfv2nZ",-0.5267,0.0,0.779,0.221
33,@FoxNews,"RT @FoxBusiness: #BreakingNews: Stocks end higher as @POTUS talks down prospects of trade war. The Dow Jones Industrial Average, S&amp;P 500, a…",-0.4019,0.084,0.766,0.149
34,@FoxNews,"Trump says Democrats are 'nowhere to be found' on DACA - via @brookefoxnews
https://t.co/0ymxdy7btm",0.0,0.0,1.0,0.0
35,@FoxNews,"Former @DICKS employee explains why he quit over new gun policy: ""You can serve in the military. You can vote at 18. [But] you can't buy a gun at Dick's Sporting Goods. [It's] a constitutional right and you can't buy one there."" @TeamCavuto https://t.co/3z99LnzZz6 https://t.co/utsmfGtJuP",-0.5859,0.0,0.895,0.105
36,@FoxNews,Outrage grows over Oklahoma judge who reportedly let several child rapists off without prison time https://t.co/AQsjZTi3tD,-0.7094,0.116,0.558,0.326
37,@FoxNews,Stephen Hawking says he knows what happened before the dawn of time https://t.co/EEq2LdcCYD,0.0,0.0,1.0,0.0
38,@FoxNews,"Netanyahu gets VIP treatment from Trump after years of frosty relations with Obama - via @brookefoxnews 
https://t.co/ywpy0DnExy",0.6166,0.212,0.788,0.0
39,@FoxNews,'Let him arrest me': #Trump ex-campaign aide Nunberg says he will refuse Mueller's subpoena https://t.co/ClnS43U5KD,-0.5574,0.0,0.739,0.261
40,@FoxNews,".@PressSec: “[Members of Congress] claim to want to fix DACA. @POTUS laid out a pathway and an exact way to do that. They failed to address it, but we’re still hopeful that Congress will actually do their jobs, show up &amp; get something done…” https://t.co/HZbAqjBKTe",0.5346,0.115,0.841,0.044
41,@FoxNews,".@PressSec: “@POTUS believes in free, fair, &amp; reciprocal trade, &amp; hopes other countries will join him in pursuing that goal. @POTUS wants to make sure that we’re doing everything we can to protect American workers &amp; to protect industries like the steel &amp; aluminum industry…” https://t.co/gVcURQimMO",0.9559,0.352,0.648,0.0
42,@FoxNews,".@PressSec: “These men represent the very best of America, and remind us why it’s so important to make sure our great veterans get the care they deserve.” https://t.co/06rIpPdCLO",0.9474,0.417,0.583,0.0
43,@FoxNews,.@PressSec: “The bond between the United States and Israel is the strongest it has ever been.” https://t.co/KgrOPrt8MT,0.6908,0.275,0.725,0.0
44,@FoxNews,Ohio Forklift Driver Who Switched Parties: @POTUS 'Knows What He's Doing' on Tariffs  @ffweekend https://t.co/aTPNtfuKhe,0.4019,0.162,0.838,0.0
45,@FoxNews,".@AriFleischer on @POTUS tariff announcement: ""It really should come as no surprise. He's the boss. He called the shots.""  @dailybriefing https://t.co/fdLS0ececg https://t.co/8nd3pHZSDL",-0.0258,0.086,0.823,0.091
46,@FoxNews,"""Trump created this crisis and Congress has to solve it"" — DACA supporters are blocking streets outside of the @uscapitol, reports @pdoocy.  @dailybriefing  https://t.co/1gwLz4M4eO https://t.co/CdvtiJlef8",-0.4166,0.202,0.573,0.225
47,@FoxNews,"Tennessee grandma brings Doritos bag full of drugs to prison, police say https://t.co/l7qyxoxch5",-0.5106,0.0,0.784,0.216
48,@FoxNews,"Uber, Lyft drivers earn low pay, study says, but Uber slams 'major discrepancy' in methodology https://t.co/AmoYcif4FY (via @christocarbone)",-0.1901,0.0,0.853,0.147
49,@FoxNews,".@RepMattGaetz: “If Jeff Sessions doesn’t want to do the job of attorney general, he should step aside and we should get somebody who wants to do that job.” #OutnumberedOT https://t.co/JjH3dPOb3w",0.0772,0.043,0.957,0.0
50,@FoxNews,.@RepMattGaetz: “I am certain that there were senior officials at the Department of Justice and FBI that steered Hillary Clinton away from trouble.” #OutnumberedOT https://t.co/rMSNQi2iQf,0.6705,0.193,0.807,0.0
51,@FoxNews,Winter storm may bring over a foot of snow to the Northeast https://t.co/u07dWOiJpv,0.0,0.0,1.0,0.0
52,@FoxNews,.@David_Bossie: “[@realDonaldTrump] works so hard for the American people. He wants the United States to succeed.” #OutnumberedOT https://t.co/3kDCEDhtXs,0.2344,0.135,0.774,0.09
53,@FoxNews,.@David_Bossie: “The American people are sick and tired of this… nearly two year investigation.” #OutnumberedOT https://t.co/6JnhuBykKR,-0.7351,0.0,0.693,0.307
54,@FoxNews,.@greggutfeld: Rehab for Trump-haters in 3 easy steps! https://t.co/6dFj1GXYFW,0.4926,0.313,0.687,0.0
55,@FoxNews,".@POTUS: “Our country, on trade, has been ripped off by virtually every country in the world.” https://t.co/lzNzTwWSum",0.0,0.0,1.0,0.0
56,@FoxNews,.@POTUS on tariffs: “We’re not backing down.” https://t.co/1UvdOhp3yh,-0.0191,0.0,0.867,0.133
57,@FoxNews,.@POTUS: “If we could do peace between Israel and the Palestinians that would be a great thing for the world.” https://t.co/gQOOsqzH6p,0.8225,0.297,0.703,0.0
58,@FoxNews,.@POTUS: “Israel is very special to me.” https://t.co/K5i1TZm9O3,0.4576,0.3,0.7,0.0
59,@FoxNews,".@netanyahu: “Mr. President I just want to say, thank you for your leadership and thank you for your tremendous friendship.” https://t.co/0JdOgvg6z2",0.6486,0.27,0.73,0.0
60,@FoxNews,.@netanyahu: “Iran must be stopped. That is our common challenge.” https://t.co/DKIfnc92gw,-0.2263,0.0,0.84,0.16
61,@FoxNews,".@netanyahu: “This is the first time we meet in Washington, America’s capital, after you declared... Jerusalem as Israel’s capital.” https://t.co/9jjzpO08Hy",0.0,0.0,1.0,0.0
62,@FoxNews,".@POTUS: “It’s a great honor to have Prime Minister Netanyahu and Mrs. Netanyahu with us… We have, I would say, probably the best relationships right now with Israel that we ever had.” https://t.co/oKezzEYOG7",0.91,0.291,0.709,0.0
63,@FoxNews,"Utica College on lockdown due to 'credible threat,' officials say https://t.co/MOM2pdqqWA",0.0,0.0,1.0,0.0
64,@FoxNews,"Judicial Watch sues DOJ for Bruce and Nellie Ohr records related to Fusion GPS, anti-Trump dossier - via @brookefoxnews

https://t.co/WhUX0ZeeXY",0.0,0.0,1.0,0.0
65,@FoxNews,President @realDonaldTrump and @FLOTUS Greet Israeli PM @netanyahu and First Lady Sara Netanyahu https://t.co/VllbK9MHFd,0.3182,0.15,0.85,0.0
66,@FoxNews,Awaiting Arrival of Israeli PM @netanyahu and First Lady Sara Netanyahu https://t.co/FVKBXpW3ni,0.0,0.0,1.0,0.0
67,@FoxNews,".@LawrenceBJones3: ""The reality of it is, sometimes trade isn't fair."" https://t.co/8GeOYd3RYj",0.0,0.0,1.0,0.0
68,@FoxNews,".@Richardafowler: “While I don’t agree with this president on much, I do agree with his position on trade.” https://t.co/uSrgIVQ2YD",0.6124,0.25,0.75,0.0
69,@FoxNews,"RT @FoxBusiness: Peter Navarro on tariffs' economic impact: ""The impact of these tariffs from a macroeconomic point of view are zero."" http…",0.0,0.0,1.0,0.0
70,@FoxNews,"RT @FoxBusiness: Peter Navarro on opposition to tariffs: ""If you go to Ohio or Pennsylvania or you go to the heartland of American Main Str…",0.0,0.0,1.0,0.0
71,@FoxNews,"RT @FoxBusiness: Peter Navarro: ""If we don't impose these tariffs, we will lose our aluminum industry within a matter of a few years and ou…",-0.1808,0.116,0.779,0.105
72,@FoxNews,"RT @FoxBusiness: Peter Navarro on tariffs: ""This is what this whole thing is about... it's protecting our national security and economic se…",0.34,0.103,0.897,0.0
73,@FoxNews,West Virginia teacher strike enters eighth day with no end in sight https://t.co/4i4ZvEFm33 #FoxNewsUS (via @christocarbone),-0.4019,0.0,0.791,0.209
74,@FoxNews,Nor'easter uncovers wreck of Revolutionary War-era ship on Maine beach https://t.co/K3xSTF8usY,-0.4404,0.0,0.775,0.225
75,@FoxNews,ISIS uses US Special Forces helmet cam in twisted propaganda video https://t.co/Pk4ptv6qaw,0.1779,0.184,0.68,0.136
76,@FoxNews,"Jimmy Kimmel's 'divisive,' politically charged Oscars could be least watched in history https://t.co/a6x7VfGsKD",-0.2023,0.0,0.87,0.13
77,@FoxNews,"Trump's DACA deadline passes under legal cloud, with urgency dwindling in Congress https://t.co/lptA1Jyseo",0.128,0.111,0.889,0.0
78,@FoxNews,"John McCormack: ""The problem with trade wars… is that they tend to escalate. These wars tend to escalate, they’re not easily won. Both sides tend to lose."" https://t.co/VXwsx7Y3Sl",-0.8843,0.0,0.679,0.321
79,@FoxNews,WV Teachers’ Statewide Strike Continues https://t.co/i0Y2lbuBvg https://t.co/xl5aqDdGT1,-0.128,0.0,0.8,0.2
80,@FoxNews,".@Judgenap: “The guilty plea of Richard Gates, Paul Manafort’s business partner… has proven to be a treasure-trove for Mueller and company.” https://t.co/jFW0cTRQmX",-0.4215,0.0,0.877,0.123
81,@FoxNews,".@michellemalkin: Surrounded by Armed Security, 'Hypocritical' Celebs Lecture America on Guns https://t.co/P5n0XRiu5b",0.34,0.179,0.821,0.0
82,@FoxNews,.@RepRutherfordFL: “Jeff Sessions has a unique opportunity right now as attorney general to change the culture within DOJ.” https://t.co/anpHjWgqJ1,0.4215,0.141,0.859,0.0
83,@FoxNews,.@RepRutherfordFL: “Douglas High School is… an example of how everything can go wrong. Even the good guy with a gun.” https://t.co/UkCEleFP33,-0.0516,0.121,0.75,0.129
84,@FoxNews,Stocks Open Lower Amid Trade Concerns https://t.co/pRdyOpfhzc,-0.296,0.0,0.732,0.268
85,@FoxNews,Trump: Obama DOJ launched 'unprecedented' probe to 'discredit' him 'so Crooked H would win' https://t.co/NmmVNeHJTt,0.6771,0.317,0.683,0.0
86,@FoxNews,Georgia police rescue fleeing suspect from drainage ditch https://t.co/3WuyGQu2IU,0.2732,0.264,0.56,0.176
87,@FoxNews,"Shootings at Chicago gang members' funerals getting 'out of control', police say https://t.co/VdZ5fbWshu",-0.3818,0.0,0.822,0.178
88,@FoxNews,"Orphaned baby chimp rescued from poacher, snuggles pilot on rescue flight https://t.co/HHC8J8Io14",0.7269,0.379,0.621,0.0
89,@FoxNews,ISIS suspects arrested after US Embassy in Turkey closed due to 'security threat' https://t.co/vsCXqgScyi,-0.7579,0.113,0.469,0.418
90,@FoxNews,"Trump: ‘New and fair’ NAFTA pact only way to stop steel, aluminum tariffs https://t.co/qh5UTsDkRr",-0.296,0.0,0.855,0.145
91,@FoxNews,"Stuart Varney: “The opening gambit from Donald Trump on tariffs is a tough negotiating position, which will be adjusted in the future.” https://t.co/WFjarItW5B",-0.128,0.0,0.933,0.067
92,@FoxNews,.@michellemalkin: “At the end of the day… the number of Americans who are tuning out all of these hypocritical liberals is larger than it’s ever been.” https://t.co/Yvgxe2ZjQK,-0.4019,0.044,0.853,0.102
93,@FoxNews,.@LannyDavis: “President Trump and I agree on our very poor opinion on Mr. Comey’s judgment.” https://t.co/aWIU8Yg7nK,-0.2247,0.132,0.688,0.18
94,@FoxNews,"Peter Navarro: “This is a great president, doing great things for men and women who work with their hands.” https://t.co/GqM3d4AF6E",0.8481,0.325,0.675,0.0
95,@FoxNews,"Peter Navarro: “All we’re trying to do with our trade policy, is to get a fair and level playing field.” https://t.co/tSyt0uS64D",0.4767,0.186,0.814,0.0
96,@FoxNews,Peter Navarro: “The mission here is to save our aluminum and steel industries for the purposes of preserving our national security and economic security.” https://t.co/tistqft2Oz,0.6808,0.196,0.804,0.0
97,@FoxNews,"For the first time since the Vietnam War, a U.S. Navy aircraft carrier is paying a visit to a Vietnamese port. The USS Carl Vinson is anchored at Tien Sa Port in Danang, Vietnam. https://t.co/vr5G7lcXKu",-0.5994,0.0,0.888,0.112
98,@FoxNews,"Moments ago, President @realDonaldTrump tweeted about NAFTA https://t.co/eHseFuPdiS",0.0,0.0,1.0,0.0
99,@FoxNews,"During his acceptance speech for Best Actor in a Leading Role at the #Oscars, Gary Oldman expressed his gratitude to America. https://t.co/WkmHhmz2qt https://t.co/tQEZgew70r",0.8885,0.356,0.644,0.0
0,@nytimes,"Washington State residents are getting net neutrality rules back, with the first state law in the U.S. that prevents internet service providers from blocking and slowing down content online https://t.co/WUEHXxu7O1",-0.3182,0.041,0.878,0.082
1,@nytimes,"""There are more complexities here than in brain surgery."" Ben Carson has struggled as housing and urban development secretary. https://t.co/1XPz4zcP8I",-0.34,0.0,0.888,0.112
2,@nytimes,Evening Briefing: Here's what you need to know at the end of the day https://t.co/AL9cyxlpjs,0.0,0.0,1.0,0.0
3,@nytimes,"RT @NYTObits: Russ Solomon, who founded the music superstore Tower Records, dies at 92 https://t.co/PqZubzJGZT",0.0,0.0,1.0,0.0
4,@nytimes,The complete list of winners at the 2018 Oscars https://t.co/tNKGLu5PVC,0.4767,0.256,0.744,0.0
5,@nytimes,#TheBachelor has become so big that you can spend 24 hours immersing yourself in its offshoots. So our reporter did. https://t.co/rqk3980oDa,0.0,0.0,1.0,0.0
6,@nytimes,"Faced with a backlash from employees, United said it was “pressing the pause button” on a plan to replace its modest monthly bonuses with a lottery system https://t.co/6gvq3eb4d3",0.7506,0.218,0.782,0.0
7,@nytimes,Football’s brain injury crisis has come to family court: A divorced couple are locked in a legal battle over whether to let their son play https://t.co/sjBDTpcXRb,-0.765,0.12,0.586,0.293
8,@nytimes,"RT @nytopinion: If the Kochs and their allies succeed in smashing and scattering the last remaining pension funds into millions of 401(k)s,…",0.4939,0.132,0.868,0.0
9,@nytimes,The best and worst of Oscars 2018 https://t.co/JBslAC44Ok,0.0258,0.294,0.42,0.287
10,@nytimes,Confused about what President Trump's tariffs on steel and aluminum will mean? Here's an overview. https://t.co/RaqDFwSf1X,-0.3182,0.0,0.867,0.133
11,@nytimes,"""The greatest challenge to lasting weight loss is the fact that no one can give up eating. Rather, one has to learn a better — and permanent — way to handle food."" https://t.co/5mAX6YZl2K",0.5994,0.222,0.66,0.119
12,@nytimes,Evening Briefing: Here's what you need to know at the end of the day https://t.co/it1BQDE2S7,0.0,0.0,1.0,0.0
13,@nytimes,"“They have requested a ridiculous amount of documents,” Sam  Nunberg said. “Should I spend 30 hours producing these? I don’t know what they have.” https://t.co/PVZEaAHBaO",-0.3612,0.0,0.894,0.106
14,@nytimes,Here are 5 memorable moments from “Mister Rogers’ Neighborhood.” PBS is marking the 50th anniversary of the premiere with a special on Tuesday. https://t.co/KpCmyC25Uz,0.4019,0.114,0.886,0.0
15,@nytimes,"“After a brief time apart, Frances and her Oscar were happily reunited,” her spokesman said. “They celebrated the reunion with a double cheeseburger from In-N-Out.” https://t.co/6vbejpJgnG",0.8074,0.249,0.751,0.0
16,@nytimes,RT @TheSteinLine: To sign up for the @nytimes' weekly NBA newsletter just enter your e-mail address here: https://t.co/CMXVLMNkLp. To submi…,0.0,0.0,1.0,0.0
17,@nytimes,"A cruise skeptic tries to enjoy 4 days on the high seas with his family, Mickey and a bunch of princesses https://t.co/Lyx2cmSv0d",0.3182,0.145,0.769,0.086
18,@nytimes,"Senator Thad Cochran announced that he is resigning because of ill health, opening another GOP seat https://t.co/xNoobouPI9",-0.5719,0.0,0.761,0.239
19,@nytimes,"RT @maggieNYT: Nunberg says Trump often sounds ""like a moron"" but that the Mueller probe is ""a witch hunt"" https://t.co/he2ddA68b2",-0.5574,0.076,0.693,0.232
20,@nytimes,"Today, forgive yourself for putting off that one thing (you know what thing) and just finish it https://t.co/u8o9E9cuEM",0.2732,0.11,0.89,0.0
21,@nytimes,RT @KirkSemple: Here's an early version of our developing story about the showdown today at the Trump hotel in Panama:   https://t.co/AqK4f…,0.0,0.0,1.0,0.0
22,@nytimes,"NYT correspondent @DanBilefsky left Canada nearly 30 years ago. He’s back, and he’s on a road trip across Quebec to rediscover his home province. What should he see and do https://t.co/F1biRAjUVI",0.0,0.0,1.0,0.0
23,@nytimes,"Beware the snake, the spider and the scorpion. But know this: You are much more likely to be killed by a bee or a dog. https://t.co/YT00hOg8OC",-0.6705,0.0,0.836,0.164
24,@nytimes,"In one of China’s biggest cities, the women-only subway cars are full of men https://t.co/WgkWPzg7jb",0.0,0.0,1.0,0.0
25,@nytimes,"Watch: This year's Academy Awards were dominated by calls for more diversity and inclusivity for women, people of color, immigrants and minorities https://t.co/mH99vbEp9G",0.4588,0.12,0.88,0.0
26,@nytimes,"RT @nytpolitics: Sam Nunberg, a former Trump campaign aide who recently met with Robert Mueller's investigators, said he was subpoenaed to…",0.0,0.0,1.0,0.0
27,@nytimes,"We dive into the scary, morally dubious world of ""deepfakes,"" A.I.-manipulated videos that can be used to face-swap anyone onto anyone else https://t.co/j4eVyobVQC",-0.6908,0.0,0.787,0.213
28,@nytimes,"Within hours, a workman wielding a sledgehammer and crowbar pried the silver letters T-R-U-M-P off the sign at the hotel https://t.co/9PlqSNprLI",0.0,0.0,1.0,0.0
29,@nytimes,"New York has set records on affordable housing, funding it at a breakneck pace. But President Trump’s tax policies have made it much more costly. https://t.co/MWUrruQGMu",-0.1761,0.0,0.934,0.066
30,@nytimes,"Our critics @ManohlaDargis, @AOScott and @Wesley_Morris discussed how the Oscars were actually in tune with these polarizing times https://t.co/gnLrlGM3YX",-0.296,0.0,0.891,0.109
31,@nytimes,"His incitements have earned him many admirers within the art world, but Pope.L has remained at the periphery of fame, an anti-consumerist loner in a business that runs largely on money and schmooze https://t.co/qjBNFaqlst",0.4118,0.147,0.776,0.076
32,@nytimes,A winter comfort classic https://t.co/JcQmIFQGG8 https://t.co/1GyC5yRdvE,0.3612,0.385,0.615,0.0
33,@nytimes,"A new type of legal dispute has emerged among divorced parents: should a child be allowed to play football, or is it too dangerous? https://t.co/N8o7JOhCnt",-0.4404,0.136,0.662,0.202
34,@nytimes,"In accepting his Oscar, Kobe Bryant said: “As basketball players we’re supposed to shut up and dribble. I’m glad we do a little but more than that.” https://t.co/joZUDGt2Ro",0.4215,0.132,0.868,0.0
35,@nytimes,"Days after Bill de Blasio’s pick for New York schools chief backed out on live TV, the mayor named a new choice: the Houston superintendent https://t.co/LuDOFkqYHx",0.0258,0.044,0.956,0.0
36,@nytimes,"In Opinion

Op-Ed contributor Stoya writes, ""We can hide our heads in the sand, or we can tackle the job of understanding the range of what porn is and try to build a better industry and cultural understanding of sex. I choose to try."" https://t.co/aKVe2uJZ80",0.296,0.064,0.899,0.037
37,@nytimes,"Prime Minister Benjamin Netanyahu of Israel lavished praise on Trump for the Jerusalem decision, comparing him to 3 of the most important figures in the history of the Jewish people https://t.co/OBBnqGxfs2",0.6901,0.169,0.831,0.0
38,@nytimes,"? x 1.5 million! “It’s always good news when you find new penguins."" https://t.co/JDJb3Hu3XZ",0.4926,0.225,0.775,0.0
39,@nytimes,"As Russia has ramped up its nuclear arsenal and cyberweapons, the U.S. has done little in response, reflecting a strategic vacuum in Washington https://t.co/dDLMkW9hdu",0.0,0.0,1.0,0.0
40,@nytimes,"First Ray, then Patsy, now Joe. After a period of peace, another pizza war has broken out in New York City. https://t.co/oJ8VVXGhAU",-0.5423,0.123,0.632,0.246
41,@nytimes,"The 21st-century Chelsea has embraced short-termism, and thrived because of it. It does, though, come at a cost. https://t.co/QcWOWKkWQr",0.0,0.0,1.0,0.0
42,@nytimes,RT @KirkSemple: Trump sign coming down at Trump Hotel in Panama https://t.co/jDBJB55bKG,0.0,0.0,1.0,0.0
43,@nytimes,"Two years before Dr. Larry Nassar was charged with abuse of gymnasts, a local prosecutor's office passed on charges. The prosecutor, it turns out, had secrets of his own. https://t.co/11zoSSG4iB",-0.7964,0.0,0.762,0.238
44,@nytimes,"“Immigrants are the perfect scapegoat for all manner of angst, both economic and cultural, and very easy fertile ground for the populists"" https://t.co/a8MpleVF2l",0.6361,0.233,0.676,0.091
45,@nytimes,"Zagat is being sold again. Google, which bought the restaurant review company several years ago, will sell it to a reviews site. https://t.co/U74bDBf3GH",0.0,0.0,1.0,0.0
46,@nytimes,Few would have guessed that Kellyanne Conway would be the one hanging on as other high-profile aides pull their rip cords https://t.co/7yx6GRFdZp,0.0,0.0,1.0,0.0
47,@nytimes,Most of the big winners of the Oscars are already streaming. Here’s where to see them and why. https://t.co/aCHOswJlSv,0.4767,0.147,0.853,0.0
48,@nytimes,"The new owner of a Trump hotel in Panama who wants the Trump brand gone declared victory today. Here's our story on the standoff, which has not been pretty: https://t.co/dlsJMDLm1O https://t.co/pLqgubTFXI",-0.3875,0.0,0.917,0.083
49,@nytimes,"Speaker Paul Ryan criticized President Trump’s proposed tariffs, saying they could lead to a damaging trade war https://t.co/VWcTFAErDz",-0.8658,0.0,0.591,0.409
50,@nytimes,"Before Philando Castile was shot by a police officer, he was the school nutrition worker who often swooped in to pay for their lunches when they could not afford them. Now a charity is continuing his legacy. https://t.co/1MtotK4fz3",0.34,0.073,0.89,0.037
51,@nytimes,"RT @kevinroose: Thousands of engineers and PhDs spent decades developing powerful A.I. and neural networks, all so that I could turn myself…",0.4215,0.123,0.877,0.0
52,@nytimes,RT @KirkSemple: Majority owner of Trump Hotel in Panama declares victory against the Trumps in struggle for the property’s control and play…,-0.3182,0.0,0.901,0.099
53,@nytimes,"In Opinion 

Op-Ed contributor Bethany Mandel writes, ""For many, support for gun rights is motivated precisely by our devotion to protecting our kids"" https://t.co/VH83ijgCA8",0.743,0.28,0.643,0.077
54,@nytimes,President Trump used his newly announced steel and aluminum tariffs to threaten 2 of the U.S.’s closest trading partners https://t.co/aJvR5pVPQL,-0.3818,0.0,0.874,0.126
55,@nytimes,"In search of reasonable rent, the middle-class backbone of San Francisco — maitre d’s, teachers, bookstore managers, musicians and copywriters — are moving into dorms https://t.co/zNJoqrAPeB",0.0,0.0,1.0,0.0
56,@nytimes,A look at the most memorable moments — for better or for worse — at the Oscars https://t.co/ERhp4jXiPu,-0.0516,0.153,0.684,0.163
57,@nytimes,"History is full of movements led by students. Some were successful and others brutally crushed, but even the latter still resonate. https://t.co/lhZfS5dJVf",-0.25,0.093,0.736,0.171
58,@nytimes,"Condom use, bondage, dirty talk, sexting: an app lets users set their boundaries before an encounter https://t.co/zYsWrQBb5Q",-0.4404,0.0,0.847,0.153
59,@nytimes,Fashion played an anonymous role at the Oscars so that the people — namely the women — could shine https://t.co/e5jV6SMJl3,0.34,0.124,0.876,0.0
60,@nytimes,RT @EricLiptonNYT: This scene is unfolding today at Trump Hotel in Panama. NYT has a reporter in the lobby. https://t.co/jaz00lZEc9,0.0258,0.058,0.942,0.0
61,@nytimes,"“There are more complexities here than in brain surgery,” Ben Carson. “Doing this job is going to be a very intricate process.” https://t.co/AMpt3cD7aX",0.2247,0.083,0.917,0.0
62,@nytimes,"In a haunting conversation, 6 teenagers who survived the Florida shooting talk about the day their childhood ended https://t.co/2lL3bPABnK",0.296,0.162,0.735,0.103
63,@nytimes,An escort said she had more than 16 hours of audio recordings that could help shed light on Russian meddling in U.S. elections https://t.co/uMdImu3JFb,0.4019,0.105,0.895,0.0
64,@nytimes,"Jimmy Kimmel threw barbs at Harvey Weinstein, President Trump and Mike Pence https://t.co/WuTFHnqCkh",0.0,0.0,1.0,0.0
65,@nytimes,Here’s what you need to know to start your day https://t.co/AVyWmPb7eA,0.0,0.0,1.0,0.0
66,@nytimes,Photos from the Oscars red carpet https://t.co/ij9Qo9odUC https://t.co/fZGNGbs5lh,0.0,0.0,1.0,0.0
67,@nytimes,Anti-immigrant and anti-establishment anger appeared to pay off for populist forces in Italy's election https://t.co/m8r7aUey3l,-0.6249,0.0,0.718,0.282
68,@nytimes,"“The Shape of Water” won best picture at an Oscars ceremony that touched on politics, diversity and the #MeToo movement https://t.co/iJGVhAyjmg",0.836,0.294,0.706,0.0
69,@nytimes,South Korean envoys met North Korea's leader to help kick-start a dialogue between the North and the United States https://t.co/uMJgvIg5pg,0.6705,0.244,0.756,0.0
70,@nytimes,"Around the world, parents have preferred to have sons more than daughters. In America, there are signs that’s changing. https://t.co/Hp9lJSBSul",0.0,0.0,1.0,0.0
71,@nytimes,"Lupita Nyong'o: ""We are dreamers. We grew up dreaming of one day working in movies. Dreams are the foundation of Hollywood. And dreams are the foundation of America."" https://t.co/00deSspPOj",0.6597,0.167,0.833,0.0
72,@nytimes,Opioids are not America’s only significant drug problem. Cocaine is the No. 2 killer and claims more lives than heroin among black Americans. https://t.co/pEJOrImKHD,-0.9225,0.0,0.558,0.442
73,@nytimes,Tiffany Haddish and Maya Rudolph brought some pointed (and hilarious) satire to the stage while presenting awards. The internet decided it had found the next Oscar hosts. https://t.co/OqwKlVf2kY,0.4588,0.1,0.9,0.0
74,@nytimes,"Is Phillip Picardi, a former intern who now heads up Teen Vogue, the future of Condé Nast? Anna Wintour seems to think so. https://t.co/hELtbPmtQj",0.0,0.0,1.0,0.0
75,@nytimes,"Jimmy Kimmel threw barbs at Harvey Weinstein, President Trump and Mike Pence https://t.co/WAlXzAl9gR",0.0,0.0,1.0,0.0
76,@nytimes,"RT @mikiebarb: On today’s Daily: a haunting conversation between six 14-year old girls who survived the shooting at Stoneman Douglas, as th…",0.296,0.135,0.779,0.086
77,@nytimes,Here’s what you need to know to start your day https://t.co/DWnDUCOJEm,0.0,0.0,1.0,0.0
78,@nytimes,"One famous designer chair is oozing goop. Another has exploded into puffs of foam. A bookcase’s shelves bubbled as gases formed within.

The culprits? Plastic. And time. https://t.co/6eodJkBX37",0.0,0.0,1.0,0.0
79,@nytimes,Photos from the Oscars red carpet https://t.co/GcITTAEbPw https://t.co/i6Metlxvc6,0.0,0.0,1.0,0.0
80,@nytimes,The complete list of winners at the 2018 Oscars https://t.co/zeNmUhcvHV,0.4767,0.256,0.744,0.0
81,@nytimes,The Cycling Panther of Paris’s Fitness Studios https://t.co/0ti2DbuDv2,0.2732,0.231,0.769,0.0
82,@nytimes,Personal Health: Jane Brody’s Personal Secrets to Lasting Weight Loss https://t.co/ULaVKQ43WD,-0.3182,0.0,0.813,0.187
83,@nytimes,"“I don’t think it is the worst hotel in the world,” says Kosovo’s president of his capital’s Grand Hotel. “But that is because the world is very big.” https://t.co/fRfUSffNeN",-0.2732,0.088,0.792,0.12
84,@nytimes,"The State Department was granted $120 million to fight Russian meddling. It has spent $0.
https://t.co/omgJPpXNzq",-0.1531,0.108,0.753,0.14
85,@nytimes,Op-Ed Columnist: Letting Teenagers Live https://t.co/3XRqxbZP1X,0.0,0.0,1.0,0.0
86,@nytimes,The E! red carpet show at the Oscars felt as though it was on the brink of blowing up at a moment’s notice https://t.co/RY9QEeG75C,0.0,0.0,1.0,0.0
87,@nytimes,"A ""school resource officer"" is an unusual hybrid of counselor, educator and cop. Perhaps no other job better personifies America’s shifting ideas about schools, policing and safety. https://t.co/fUhtWPM0IO",0.5423,0.179,0.752,0.069
88,@nytimes,"It's already one of the most endangered creatures on earth, and all indications are its situation is rapidly getting worse https://t.co/i4D4EYnT9B",-0.4767,0.0,0.866,0.134
89,@nytimes,Trauma surgeons recount the horror of assault weapons: “You will see multiple organs shattered. The exit wounds can be a foot wide.” https://t.co/uOueW3Kdsk,-0.946,0.0,0.511,0.489
90,@nytimes,"In the past 30 years, only 4 movies were named best picture while topping the box office charts https://t.co/bH0SVPdnbA",0.6369,0.198,0.802,0.0
91,@nytimes,There is no simple answer to what happened to Nakesha Williams — a life of spectacular promise undone by mental illness and homelessness https://t.co/cPocQP5WKi,-0.3818,0.088,0.725,0.187
92,@nytimes,"Unsealing the will of Harper Lee, signed just days before her death, was supposed to answer questions. It has only raised more.
https://t.co/e98ktD14rh",-0.5994,0.0,0.849,0.151
93,@nytimes,"Adam Rippon wore a harness to the Oscars, breaking the red carpet mold https://t.co/COQOgTbUHK https://t.co/mWXsHTMLIN",0.0,0.0,1.0,0.0
94,@nytimes,Rita Moreno wore her 1962 Oscars dress to the 2018 Oscars. Recycling has never looked more elegant. https://t.co/1U0AWTyBKj,-0.4158,0.0,0.86,0.14
95,@nytimes,"The Oscars really wanted to avoid another ""La La Land"" mix-up. Just look at the font on the envelopes. https://t.co/JlNYO6Qdis",-0.3535,0.0,0.885,0.115
96,@nytimes,"""It’s really easy to play into this narrative that millennials are doing everything wrong and they’re not planning, but there’s limits to individual behavior. At some point, there also has to be systemic support."" https://t.co/H6ISKuaoht",0.2212,0.103,0.843,0.054
97,@nytimes,"""One wrestler provoked me by leaving a comment on my Instagram, but when I later wrestled him in a state tournament I ended up beating him pretty badly.” https://t.co/oOYhngBq0o",-0.0644,0.135,0.691,0.174
98,@nytimes,Photos from the Oscars red carpet https://t.co/ziMJ9H5Qk7 https://t.co/dU4d0BcRKY,0.0,0.0,1.0,0.0
99,@nytimes,The pressure is mounting on Nigerian President Muhammadu Buhari to step down after his first term expires next year https://t.co/3PjU4OuzDs,-0.296,0.0,0.896,0.104
